study,step,config_id,family,instrument,timeframe,sample,date_from,date_to,run_date,outcome,ref
01_us_open_scalping,2,orb_01,orb,NAS100,1m,IS,2025-10-01,2026-05-31,2026-10-05,unknown_scripts_lost,research/edge/studies/01_us_open_scalping/REPORT.md
01_us_open_scalping,2,orb_01,orb,NAS100,1m,OOS,2026-06-01,2026-09-30,2026-10-05,killed,research/edge/studies/01_us_open_scalping/REPORT.md
01_us_open_scalping,2,orb_01,orb,US500,1m,IS,2025-10-01,2026-05-31,2026-10-05,unknown_scripts_lost,research/edge/studies/01_us_open_scalping/REPORT.md
01_us_open_scalping,2,orb_01,orb,US500,1m,OOS,2026-06-01,2026-09-30,2026-10-05,killed,research/edge/studies/01_us_open_scalping/REPORT.md
01_us_open_scalping,2,orb_02,orb,NAS100,1m,IS,2025-10-01,2026-05-31,2026-10-05,unknown_scripts_lost,research/edge/studies/01_us_open_scalping/REPORT.md
01_us_open_scalping,2,orb_02,orb,NAS100,1m,OOS,2026-06-01,2026-09-30,2026-10-05,killed,research/edge/studies/01_us_open_scalping/REPORT.md
01_us_open_scalping,2,orb_02,orb,US500,1m,IS,2025-10-01,2026-05-31,2026-10-05,unknown_scripts_lost,research/edge/studies/01_us_open_scalping/REPORT.md
01_us_open_scalping,2,orb_02,orb,US500,1m,OOS,2026-06-01,2026-09-30,2026-10-05,killed,research/edge/studies/01_us_open_scalping/REPORT.md
01_us_open_scalping,2,orb_03,orb,NAS100,1m,IS,2025-10-01,2026-05-31,2026-10-05,unknown_scripts_lost,research/edge/studies/01_us_open_scalping/REPORT.md
01_us_open_scalping,2,orb_03,orb,NAS100,1m,OOS,2026-06-01,2026-09-30,2026-10-05,killed,research/edge/studies/01_us_open_scalping/REPORT.md
01_us_open_scalping,2,orb_03,orb,US500,1m,IS,2025-10-01,2026-05-31,2026-10-05,unknown_scripts_lost,research/edge/studies/01_us_open_scalping/REPORT.md
01_us_open_scalping,2,orb_03,orb,US500,1m,OOS,2026-06-01,2026-09-30,2026-10-05,killed,research/edge/studies/01_us_open_scalping/REPORT.md
01_us_open_scalping,2,orb_04,orb,NAS100,1m,IS,2025-10-01,2026-05-31,2026-10-05,unknown_scripts_lost,research/edge/studies/01_us_open_scalping/REPORT.md
01_us_open_scalping,2,orb_04,orb,NAS100,1m,OOS,2026-06-01,2026-09-30,2026-10-05,killed,research/edge/studies/01_us_open_scalping/REPORT.md
01_us_open_scalping,2,orb_04,orb,US500,1m,IS,2025-10-01,2026-05-31,2026-10-05,unknown_scripts_lost,research/edge/studies/01_us_open_scalping/REPORT.md
01_us_open_scalping,2,orb_04,orb,US500,1m,OOS,2026-06-01,2026-09-30,2026-10-05,killed,research/edge/studies/01_us_open_scalping/REPORT.md
01_us_open_scalping,2,orb_05,orb,NAS100,1m,IS,2025-10-01,2026-05-31,2026-10-05,unknown_scripts_lost,research/edge/studies/01_us_open_scalping/REPORT.md
01_us_open_scalping,2,orb_05,orb,NAS100,1m,OOS,2026-06-01,2026-09-30,2026-10-05,killed,research/edge/studies/01_us_open_scalping/REPORT.md
01_us_open_scalping,2,orb_05,orb,US500,1m,IS,2025-10-01,2026-05-31,2026-10-05,unknown_scripts_lost,research/edge/studies/01_us_open_scalping/REPORT.md
01_us_open_scalping,2,orb_05,orb,US500,1m,OOS,2026-06-01,2026-09-30,2026-10-05,killed,research/edge/studies/01_us_open_scalping/REPORT.md
01_us_open_scalping,2,orb_06,orb,NAS100,1m,IS,2025-10-01,2026-05-31,2026-10-05,unknown_scripts_lost,research/edge/studies/01_us_open_scalping/REPORT.md
01_us_open_scalping,2,orb_06,orb,NAS100,1m,OOS,2026-06-01,2026-09-30,2026-10-05,killed,research/edge/studies/01_us_open_scalping/REPORT.md
01_us_open_scalping,2,orb_06,orb,US500,1m,IS,2025-10-01,2026-05-31,2026-10-05,unknown_scripts_lost,research/edge/studies/01_us_open_scalping/REPORT.md
01_us_open_scalping,2,orb_06,orb,US500,1m,OOS,2026-06-01,2026-09-30,2026-10-05,killed,research/edge/studies/01_us_open_scalping/REPORT.md
01_us_open_scalping,2,orb_07,orb,NAS100,1m,IS,2025-10-01,2026-05-31,2026-10-05,unknown_scripts_lost,research/edge/studies/01_us_open_scalping/REPORT.md
01_us_open_scalping,2,orb_07,orb,NAS100,1m,OOS,2026-06-01,2026-09-30,2026-10-05,killed,research/edge/studies/01_us_open_scalping/REPORT.md
01_us_open_scalping,2,orb_07,orb,US500,1m,IS,2025-10-01,2026-05-31,2026-10-05,unknown_scripts_lost,research/edge/studies/01_us_open_scalping/REPORT.md
01_us_open_scalping,2,orb_07,orb,US500,1m,OOS,2026-06-01,2026-09-30,2026-10-05,killed,research/edge/studies/01_us_open_scalping/REPORT.md
01_us_open_scalping,2,orb_08,orb,NAS100,1m,IS,2025-10-01,2026-05-31,2026-10-05,unknown_scripts_lost,research/edge/studies/01_us_open_scalping/REPORT.md
01_us_open_scalping,2,orb_08,orb,NAS100,1m,OOS,2026-06-01,2026-09-30,2026-10-05,killed,research/edge/studies/01_us_open_scalping/REPORT.md
01_us_open_scalping,2,orb_08,orb,US500,1m,IS,2025-10-01,2026-05-31,2026-10-05,unknown_scripts_lost,research/edge/studies/01_us_open_scalping/REPORT.md
01_us_open_scalping,2,orb_08,orb,US500,1m,OOS,2026-06-01,2026-09-30,2026-10-05,killed,research/edge/studies/01_us_open_scalping/REPORT.md
01_us_open_scalping,2,orb_09,orb,NAS100,1m,IS,2025-10-01,2026-05-31,2026-10-05,unknown_scripts_lost,research/edge/studies/01_us_open_scalping/REPORT.md
01_us_open_scalping,2,orb_09,orb,NAS100,1m,OOS,2026-06-01,2026-09-30,2026-10-05,killed,research/edge/studies/01_us_open_scalping/REPORT.md
01_us_open_scalping,2,orb_09,orb,US500,1m,IS,2025-10-01,2026-05-31,2026-10-05,unknown_scripts_lost,research/edge/studies/01_us_open_scalping/REPORT.md
01_us_open_scalping,2,orb_09,orb,US500,1m,OOS,2026-06-01,2026-09-30,2026-10-05,killed,research/edge/studies/01_us_open_scalping/REPORT.md
01_us_open_scalping,2,orb_10,orb,NAS100,1m,IS,2025-10-01,2026-05-31,2026-10-05,unknown_scripts_lost,research/edge/studies/01_us_open_scalping/REPORT.md
01_us_open_scalping,2,orb_10,orb,NAS100,1m,OOS,2026-06-01,2026-09-30,2026-10-05,killed,research/edge/studies/01_us_open_scalping/REPORT.md
01_us_open_scalping,2,orb_10,orb,US500,1m,IS,2025-10-01,2026-05-31,2026-10-05,unknown_scripts_lost,research/edge/studies/01_us_open_scalping/REPORT.md
01_us_open_scalping,2,orb_10,orb,US500,1m,OOS,2026-06-01,2026-09-30,2026-10-05,killed,research/edge/studies/01_us_open_scalping/REPORT.md
01_us_open_scalping,2,orb_11,orb,NAS100,1m,IS,2025-10-01,2026-05-31,2026-10-05,unknown_scripts_lost,research/edge/studies/01_us_open_scalping/REPORT.md
01_us_open_scalping,2,orb_11,orb,NAS100,1m,OOS,2026-06-01,2026-09-30,2026-10-05,killed,research/edge/studies/01_us_open_scalping/REPORT.md
01_us_open_scalping,2,orb_11,orb,US500,1m,IS,2025-10-01,2026-05-31,2026-10-05,unknown_scripts_lost,research/edge/studies/01_us_open_scalping/REPORT.md
01_us_open_scalping,2,orb_11,orb,US500,1m,OOS,2026-06-01,2026-09-30,2026-10-05,killed,research/edge/studies/01_us_open_scalping/REPORT.md
01_us_open_scalping,2,orb_12,orb,NAS100,1m,IS,2025-10-01,2026-05-31,2026-10-05,unknown_scripts_lost,research/edge/studies/01_us_open_scalping/REPORT.md
01_us_open_scalping,2,orb_12,orb,NAS100,1m,OOS,2026-06-01,2026-09-30,2026-10-05,killed,research/edge/studies/01_us_open_scalping/REPORT.md
01_us_open_scalping,2,orb_12,orb,US500,1m,IS,2025-10-01,2026-05-31,2026-10-05,unknown_scripts_lost,research/edge/studies/01_us_open_scalping/REPORT.md
01_us_open_scalping,2,orb_12,orb,US500,1m,OOS,2026-06-01,2026-09-30,2026-10-05,killed,research/edge/studies/01_us_open_scalping/REPORT.md
01_us_open_scalping,2,orb_13,orb,NAS100,1m,IS,2025-10-01,2026-05-31,2026-10-05,unknown_scripts_lost,research/edge/studies/01_us_open_scalping/REPORT.md
01_us_open_scalping,2,orb_13,orb,NAS100,1m,OOS,2026-06-01,2026-09-30,2026-10-05,killed,research/edge/studies/01_us_open_scalping/REPORT.md
01_us_open_scalping,2,orb_13,orb,US500,1m,IS,2025-10-01,2026-05-31,2026-10-05,unknown_scripts_lost,research/edge/studies/01_us_open_scalping/REPORT.md
01_us_open_scalping,2,orb_13,orb,US500,1m,OOS,2026-06-01,2026-09-30,2026-10-05,killed,research/edge/studies/01_us_open_scalping/REPORT.md
01_us_open_scalping,2,orb_14,orb,NAS100,1m,IS,2025-10-01,2026-05-31,2026-10-05,unknown_scripts_lost,research/edge/studies/01_us_open_scalping/REPORT.md
01_us_open_scalping,2,orb_14,orb,NAS100,1m,OOS,2026-06-01,2026-09-30,2026-10-05,killed,research/edge/studies/01_us_open_scalping/REPORT.md
01_us_open_scalping,2,orb_14,orb,US500,1m,IS,2025-10-01,2026-05-31,2026-10-05,unknown_scripts_lost,research/edge/studies/01_us_open_scalping/REPORT.md
01_us_open_scalping,2,orb_14,orb,US500,1m,OOS,2026-06-01,2026-09-30,2026-10-05,killed,research/edge/studies/01_us_open_scalping/REPORT.md
01_us_open_scalping,2,orb_15,orb,NAS100,1m,IS,2025-10-01,2026-05-31,2026-10-05,unknown_scripts_lost,research/edge/studies/01_us_open_scalping/REPORT.md
01_us_open_scalping,2,orb_15,orb,NAS100,1m,OOS,2026-06-01,2026-09-30,2026-10-05,killed,research/edge/studies/01_us_open_scalping/REPORT.md
01_us_open_scalping,2,orb_15,orb,US500,1m,IS,2025-10-01,2026-05-31,2026-10-05,unknown_scripts_lost,research/edge/studies/01_us_open_scalping/REPORT.md
01_us_open_scalping,2,orb_15,orb,US500,1m,OOS,2026-06-01,2026-09-30,2026-10-05,killed,research/edge/studies/01_us_open_scalping/REPORT.md
01_us_open_scalping,2,orb_16,orb,NAS100,1m,IS,2025-10-01,2026-05-31,2026-10-05,unknown_scripts_lost,research/edge/studies/01_us_open_scalping/REPORT.md
01_us_open_scalping,2,orb_16,orb,NAS100,1m,OOS,2026-06-01,2026-09-30,2026-10-05,killed,research/edge/studies/01_us_open_scalping/REPORT.md
01_us_open_scalping,2,orb_16,orb,US500,1m,IS,2025-10-01,2026-05-31,2026-10-05,unknown_scripts_lost,research/edge/studies/01_us_open_scalping/REPORT.md
01_us_open_scalping,2,orb_16,orb,US500,1m,OOS,2026-06-01,2026-09-30,2026-10-05,killed,research/edge/studies/01_us_open_scalping/REPORT.md
01_us_open_scalping,2,orb_17,orb,NAS100,1m,IS,2025-10-01,2026-05-31,2026-10-05,unknown_scripts_lost,research/edge/studies/01_us_open_scalping/REPORT.md
01_us_open_scalping,2,orb_17,orb,NAS100,1m,OOS,2026-06-01,2026-09-30,2026-10-05,killed,research/edge/studies/01_us_open_scalping/REPORT.md
01_us_open_scalping,2,orb_17,orb,US500,1m,IS,2025-10-01,2026-05-31,2026-10-05,unknown_scripts_lost,research/edge/studies/01_us_open_scalping/REPORT.md
01_us_open_scalping,2,orb_17,orb,US500,1m,OOS,2026-06-01,2026-09-30,2026-10-05,killed,research/edge/studies/01_us_open_scalping/REPORT.md
01_us_open_scalping,2,orb_18,orb,NAS100,1m,IS,2025-10-01,2026-05-31,2026-10-05,unknown_scripts_lost,research/edge/studies/01_us_open_scalping/REPORT.md
01_us_open_scalping,2,orb_18,orb,NAS100,1m,OOS,2026-06-01,2026-09-30,2026-10-05,killed,research/edge/studies/01_us_open_scalping/REPORT.md
01_us_open_scalping,2,orb_18,orb,US500,1m,IS,2025-10-01,2026-05-31,2026-10-05,unknown_scripts_lost,research/edge/studies/01_us_open_scalping/REPORT.md
01_us_open_scalping,2,orb_18,orb,US500,1m,OOS,2026-06-01,2026-09-30,2026-10-05,killed,research/edge/studies/01_us_open_scalping/REPORT.md
01_us_open_scalping,2,orb_19,orb,NAS100,1m,IS,2025-10-01,2026-05-31,2026-10-05,unknown_scripts_lost,research/edge/studies/01_us_open_scalping/REPORT.md
01_us_open_scalping,2,orb_19,orb,NAS100,1m,OOS,2026-06-01,2026-09-30,2026-10-05,killed,research/edge/studies/01_us_open_scalping/REPORT.md
01_us_open_scalping,2,orb_19,orb,US500,1m,IS,2025-10-01,2026-05-31,2026-10-05,unknown_scripts_lost,research/edge/studies/01_us_open_scalping/REPORT.md
01_us_open_scalping,2,orb_19,orb,US500,1m,OOS,2026-06-01,2026-09-30,2026-10-05,killed,research/edge/studies/01_us_open_scalping/REPORT.md
01_us_open_scalping,2,orb_20,orb,NAS100,1m,IS,2025-10-01,2026-05-31,2026-10-05,unknown_scripts_lost,research/edge/studies/01_us_open_scalping/REPORT.md
01_us_open_scalping,2,orb_20,orb,NAS100,1m,OOS,2026-06-01,2026-09-30,2026-10-05,killed,research/edge/studies/01_us_open_scalping/REPORT.md
01_us_open_scalping,2,orb_20,orb,US500,1m,IS,2025-10-01,2026-05-31,2026-10-05,unknown_scripts_lost,research/edge/studies/01_us_open_scalping/REPORT.md
01_us_open_scalping,2,orb_20,orb,US500,1m,OOS,2026-06-01,2026-09-30,2026-10-05,killed,research/edge/studies/01_us_open_scalping/REPORT.md
01_us_open_scalping,2,orb_21,orb,NAS100,1m,IS,2025-10-01,2026-05-31,2026-10-05,unknown_scripts_lost,research/edge/studies/01_us_open_scalping/REPORT.md
01_us_open_scalping,2,orb_21,orb,NAS100,1m,OOS,2026-06-01,2026-09-30,2026-10-05,killed,research/edge/studies/01_us_open_scalping/REPORT.md
01_us_open_scalping,2,orb_21,orb,US500,1m,IS,2025-10-01,2026-05-31,2026-10-05,unknown_scripts_lost,research/edge/studies/01_us_open_scalping/REPORT.md
01_us_open_scalping,2,orb_21,orb,US500,1m,OOS,2026-06-01,2026-09-30,2026-10-05,killed,research/edge/studies/01_us_open_scalping/REPORT.md
01_us_open_scalping,2,orb_22,orb,NAS100,1m,IS,2025-10-01,2026-05-31,2026-10-05,unknown_scripts_lost,research/edge/studies/01_us_open_scalping/REPORT.md
01_us_open_scalping,2,orb_22,orb,NAS100,1m,OOS,2026-06-01,2026-09-30,2026-10-05,killed,research/edge/studies/01_us_open_scalping/REPORT.md
01_us_open_scalping,2,orb_22,orb,US500,1m,IS,2025-10-01,2026-05-31,2026-10-05,unknown_scripts_lost,research/edge/studies/01_us_open_scalping/REPORT.md
01_us_open_scalping,2,orb_22,orb,US500,1m,OOS,2026-06-01,2026-09-30,2026-10-05,killed,research/edge/studies/01_us_open_scalping/REPORT.md
01_us_open_scalping,2,orb_23,orb,NAS100,1m,IS,2025-10-01,2026-05-31,2026-10-05,unknown_scripts_lost,research/edge/studies/01_us_open_scalping/REPORT.md
01_us_open_scalping,2,orb_23,orb,NAS100,1m,OOS,2026-06-01,2026-09-30,2026-10-05,killed,research/edge/studies/01_us_open_scalping/REPORT.md
01_us_open_scalping,2,orb_23,orb,US500,1m,IS,2025-10-01,2026-05-31,2026-10-05,unknown_scripts_lost,research/edge/studies/01_us_open_scalping/REPORT.md
01_us_open_scalping,2,orb_23,orb,US500,1m,OOS,2026-06-01,2026-09-30,2026-10-05,killed,research/edge/studies/01_us_open_scalping/REPORT.md
01_us_open_scalping,2,orb_24,orb,NAS100,1m,IS,2025-10-01,2026-05-31,2026-10-05,unknown_scripts_lost,research/edge/studies/01_us_open_scalping/REPORT.md
01_us_open_scalping,2,orb_24,orb,NAS100,1m,OOS,2026-06-01,2026-09-30,2026-10-05,killed,research/edge/studies/01_us_open_scalping/REPORT.md
01_us_open_scalping,2,orb_24,orb,US500,1m,IS,2025-10-01,2026-05-31,2026-10-05,unknown_scripts_lost,research/edge/studies/01_us_open_scalping/REPORT.md
01_us_open_scalping,2,orb_24,orb,US500,1m,OOS,2026-06-01,2026-09-30,2026-10-05,killed,research/edge/studies/01_us_open_scalping/REPORT.md
01_us_open_scalping,2,orb_25,orb,NAS100,1m,IS,2025-10-01,2026-05-31,2026-10-05,unknown_scripts_lost,research/edge/studies/01_us_open_scalping/REPORT.md
01_us_open_scalping,2,orb_25,orb,NAS100,1m,OOS,2026-06-01,2026-09-30,2026-10-05,killed,research/edge/studies/01_us_open_scalping/REPORT.md
01_us_open_scalping,2,orb_25,orb,US500,1m,IS,2025-10-01,2026-05-31,2026-10-05,unknown_scripts_lost,research/edge/studies/01_us_open_scalping/REPORT.md
01_us_open_scalping,2,orb_25,orb,US500,1m,OOS,2026-06-01,2026-09-30,2026-10-05,killed,research/edge/studies/01_us_open_scalping/REPORT.md
01_us_open_scalping,2,orb_26,orb,NAS100,1m,IS,2025-10-01,2026-05-31,2026-10-05,unknown_scripts_lost,research/edge/studies/01_us_open_scalping/REPORT.md
01_us_open_scalping,2,orb_26,orb,NAS100,1m,OOS,2026-06-01,2026-09-30,2026-10-05,killed,research/edge/studies/01_us_open_scalping/REPORT.md
01_us_open_scalping,2,orb_26,orb,US500,1m,IS,2025-10-01,2026-05-31,2026-10-05,unknown_scripts_lost,research/edge/studies/01_us_open_scalping/REPORT.md
01_us_open_scalping,2,orb_26,orb,US500,1m,OOS,2026-06-01,2026-09-30,2026-10-05,killed,research/edge/studies/01_us_open_scalping/REPORT.md
01_us_open_scalping,2,orb_27,orb,NAS100,1m,IS,2025-10-01,2026-05-31,2026-10-05,unknown_scripts_lost,research/edge/studies/01_us_open_scalping/REPORT.md
01_us_open_scalping,2,orb_27,orb,NAS100,1m,OOS,2026-06-01,2026-09-30,2026-10-05,killed,research/edge/studies/01_us_open_scalping/REPORT.md
01_us_open_scalping,2,orb_27,orb,US500,1m,IS,2025-10-01,2026-05-31,2026-10-05,unknown_scripts_lost,research/edge/studies/01_us_open_scalping/REPORT.md
01_us_open_scalping,2,orb_27,orb,US500,1m,OOS,2026-06-01,2026-09-30,2026-10-05,killed,research/edge/studies/01_us_open_scalping/REPORT.md
01_us_open_scalping,2,orb_28,orb,NAS100,1m,IS,2025-10-01,2026-05-31,2026-10-05,unknown_scripts_lost,research/edge/studies/01_us_open_scalping/REPORT.md
01_us_open_scalping,2,orb_28,orb,NAS100,1m,OOS,2026-06-01,2026-09-30,2026-10-05,killed,research/edge/studies/01_us_open_scalping/REPORT.md
01_us_open_scalping,2,orb_28,orb,US500,1m,IS,2025-10-01,2026-05-31,2026-10-05,unknown_scripts_lost,research/edge/studies/01_us_open_scalping/REPORT.md
01_us_open_scalping,2,orb_28,orb,US500,1m,OOS,2026-06-01,2026-09-30,2026-10-05,killed,research/edge/studies/01_us_open_scalping/REPORT.md
01_us_open_scalping,2,orb_29,orb,NAS100,1m,IS,2025-10-01,2026-05-31,2026-10-05,unknown_scripts_lost,research/edge/studies/01_us_open_scalping/REPORT.md
01_us_open_scalping,2,orb_29,orb,NAS100,1m,OOS,2026-06-01,2026-09-30,2026-10-05,killed,research/edge/studies/01_us_open_scalping/REPORT.md
01_us_open_scalping,2,orb_29,orb,US500,1m,IS,2025-10-01,2026-05-31,2026-10-05,unknown_scripts_lost,research/edge/studies/01_us_open_scalping/REPORT.md
01_us_open_scalping,2,orb_29,orb,US500,1m,OOS,2026-06-01,2026-09-30,2026-10-05,killed,research/edge/studies/01_us_open_scalping/REPORT.md
01_us_open_scalping,2,orb_30,orb,NAS100,1m,IS,2025-10-01,2026-05-31,2026-10-05,unknown_scripts_lost,research/edge/studies/01_us_open_scalping/REPORT.md
01_us_open_scalping,2,orb_30,orb,NAS100,1m,OOS,2026-06-01,2026-09-30,2026-10-05,killed,research/edge/studies/01_us_open_scalping/REPORT.md
01_us_open_scalping,2,orb_30,orb,US500,1m,IS,2025-10-01,2026-05-31,2026-10-05,unknown_scripts_lost,research/edge/studies/01_us_open_scalping/REPORT.md
01_us_open_scalping,2,orb_30,orb,US500,1m,OOS,2026-06-01,2026-09-30,2026-10-05,killed,research/edge/studies/01_us_open_scalping/REPORT.md
01_us_open_scalping,2,orb_31,orb,NAS100,1m,IS,2025-10-01,2026-05-31,2026-10-05,unknown_scripts_lost,research/edge/studies/01_us_open_scalping/REPORT.md
01_us_open_scalping,2,orb_31,orb,NAS100,1m,OOS,2026-06-01,2026-09-30,2026-10-05,killed,research/edge/studies/01_us_open_scalping/REPORT.md
01_us_open_scalping,2,orb_31,orb,US500,1m,IS,2025-10-01,2026-05-31,2026-10-05,unknown_scripts_lost,research/edge/studies/01_us_open_scalping/REPORT.md
01_us_open_scalping,2,orb_31,orb,US500,1m,OOS,2026-06-01,2026-09-30,2026-10-05,killed,research/edge/studies/01_us_open_scalping/REPORT.md
01_us_open_scalping,2,orb_32,orb,NAS100,1m,IS,2025-10-01,2026-05-31,2026-10-05,unknown_scripts_lost,research/edge/studies/01_us_open_scalping/REPORT.md
01_us_open_scalping,2,orb_32,orb,NAS100,1m,OOS,2026-06-01,2026-09-30,2026-10-05,killed,research/edge/studies/01_us_open_scalping/REPORT.md
01_us_open_scalping,2,orb_32,orb,US500,1m,IS,2025-10-01,2026-05-31,2026-10-05,unknown_scripts_lost,research/edge/studies/01_us_open_scalping/REPORT.md
01_us_open_scalping,2,orb_32,orb,US500,1m,OOS,2026-06-01,2026-09-30,2026-10-05,killed,research/edge/studies/01_us_open_scalping/REPORT.md
01_us_open_scalping,2,orb_33,orb,NAS100,1m,IS,2025-10-01,2026-05-31,2026-10-05,unknown_scripts_lost,research/edge/studies/01_us_open_scalping/REPORT.md
01_us_open_scalping,2,orb_33,orb,NAS100,1m,OOS,2026-06-01,2026-09-30,2026-10-05,killed,research/edge/studies/01_us_open_scalping/REPORT.md
01_us_open_scalping,2,orb_33,orb,US500,1m,IS,2025-10-01,2026-05-31,2026-10-05,unknown_scripts_lost,research/edge/studies/01_us_open_scalping/REPORT.md
01_us_open_scalping,2,orb_33,orb,US500,1m,OOS,2026-06-01,2026-09-30,2026-10-05,killed,research/edge/studies/01_us_open_scalping/REPORT.md
01_us_open_scalping,2,orb_34,orb,NAS100,1m,IS,2025-10-01,2026-05-31,2026-10-05,unknown_scripts_lost,research/edge/studies/01_us_open_scalping/REPORT.md
01_us_open_scalping,2,orb_34,orb,NAS100,1m,OOS,2026-06-01,2026-09-30,2026-10-05,killed,research/edge/studies/01_us_open_scalping/REPORT.md
01_us_open_scalping,2,orb_34,orb,US500,1m,IS,2025-10-01,2026-05-31,2026-10-05,unknown_scripts_lost,research/edge/studies/01_us_open_scalping/REPORT.md
01_us_open_scalping,2,orb_34,orb,US500,1m,OOS,2026-06-01,2026-09-30,2026-10-05,killed,research/edge/studies/01_us_open_scalping/REPORT.md
01_us_open_scalping,2,orb_35,orb,NAS100,1m,IS,2025-10-01,2026-05-31,2026-10-05,unknown_scripts_lost,research/edge/studies/01_us_open_scalping/REPORT.md
01_us_open_scalping,2,orb_35,orb,NAS100,1m,OOS,2026-06-01,2026-09-30,2026-10-05,killed,research/edge/studies/01_us_open_scalping/REPORT.md
01_us_open_scalping,2,orb_35,orb,US500,1m,IS,2025-10-01,2026-05-31,2026-10-05,unknown_scripts_lost,research/edge/studies/01_us_open_scalping/REPORT.md
01_us_open_scalping,2,orb_35,orb,US500,1m,OOS,2026-06-01,2026-09-30,2026-10-05,killed,research/edge/studies/01_us_open_scalping/REPORT.md
01_us_open_scalping,2,orb_36,orb,NAS100,1m,IS,2025-10-01,2026-05-31,2026-10-05,unknown_scripts_lost,research/edge/studies/01_us_open_scalping/REPORT.md
01_us_open_scalping,2,orb_36,orb,NAS100,1m,OOS,2026-06-01,2026-09-30,2026-10-05,killed,research/edge/studies/01_us_open_scalping/REPORT.md
01_us_open_scalping,2,orb_36,orb,US500,1m,IS,2025-10-01,2026-05-31,2026-10-05,unknown_scripts_lost,research/edge/studies/01_us_open_scalping/REPORT.md
01_us_open_scalping,2,orb_36,orb,US500,1m,OOS,2026-06-01,2026-09-30,2026-10-05,killed,research/edge/studies/01_us_open_scalping/REPORT.md
01_us_open_scalping,2,orb_37,orb,NAS100,1m,IS,2025-10-01,2026-05-31,2026-10-05,unknown_scripts_lost,research/edge/studies/01_us_open_scalping/REPORT.md
01_us_open_scalping,2,orb_37,orb,NAS100,1m,OOS,2026-06-01,2026-09-30,2026-10-05,killed,research/edge/studies/01_us_open_scalping/REPORT.md
01_us_open_scalping,2,orb_37,orb,US500,1m,IS,2025-10-01,2026-05-31,2026-10-05,unknown_scripts_lost,research/edge/studies/01_us_open_scalping/REPORT.md
01_us_open_scalping,2,orb_37,orb,US500,1m,OOS,2026-06-01,2026-09-30,2026-10-05,killed,research/edge/studies/01_us_open_scalping/REPORT.md
01_us_open_scalping,2,orb_38,orb,NAS100,1m,IS,2025-10-01,2026-05-31,2026-10-05,unknown_scripts_lost,research/edge/studies/01_us_open_scalping/REPORT.md
01_us_open_scalping,2,orb_38,orb,NAS100,1m,OOS,2026-06-01,2026-09-30,2026-10-05,killed,research/edge/studies/01_us_open_scalping/REPORT.md
01_us_open_scalping,2,orb_38,orb,US500,1m,IS,2025-10-01,2026-05-31,2026-10-05,unknown_scripts_lost,research/edge/studies/01_us_open_scalping/REPORT.md
01_us_open_scalping,2,orb_38,orb,US500,1m,OOS,2026-06-01,2026-09-30,2026-10-05,killed,research/edge/studies/01_us_open_scalping/REPORT.md
01_us_open_scalping,2,orb_39,orb,NAS100,1m,IS,2025-10-01,2026-05-31,2026-10-05,unknown_scripts_lost,research/edge/studies/01_us_open_scalping/REPORT.md
01_us_open_scalping,2,orb_39,orb,NAS100,1m,OOS,2026-06-01,2026-09-30,2026-10-05,killed,research/edge/studies/01_us_open_scalping/REPORT.md
01_us_open_scalping,2,orb_39,orb,US500,1m,IS,2025-10-01,2026-05-31,2026-10-05,unknown_scripts_lost,research/edge/studies/01_us_open_scalping/REPORT.md
01_us_open_scalping,2,orb_39,orb,US500,1m,OOS,2026-06-01,2026-09-30,2026-10-05,killed,research/edge/studies/01_us_open_scalping/REPORT.md
01_us_open_scalping,2,orb_40,orb,NAS100,1m,IS,2025-10-01,2026-05-31,2026-10-05,unknown_scripts_lost,research/edge/studies/01_us_open_scalping/REPORT.md
01_us_open_scalping,2,orb_40,orb,NAS100,1m,OOS,2026-06-01,2026-09-30,2026-10-05,killed,research/edge/studies/01_us_open_scalping/REPORT.md
01_us_open_scalping,2,orb_40,orb,US500,1m,IS,2025-10-01,2026-05-31,2026-10-05,unknown_scripts_lost,research/edge/studies/01_us_open_scalping/REPORT.md
01_us_open_scalping,2,orb_40,orb,US500,1m,OOS,2026-06-01,2026-09-30,2026-10-05,killed,research/edge/studies/01_us_open_scalping/REPORT.md
01_us_open_scalping,2,orb_41,orb,NAS100,1m,IS,2025-10-01,2026-05-31,2026-10-05,unknown_scripts_lost,research/edge/studies/01_us_open_scalping/REPORT.md
01_us_open_scalping,2,orb_41,orb,NAS100,1m,OOS,2026-06-01,2026-09-30,2026-10-05,killed,research/edge/studies/01_us_open_scalping/REPORT.md
01_us_open_scalping,2,orb_41,orb,US500,1m,IS,2025-10-01,2026-05-31,2026-10-05,unknown_scripts_lost,research/edge/studies/01_us_open_scalping/REPORT.md
01_us_open_scalping,2,orb_41,orb,US500,1m,OOS,2026-06-01,2026-09-30,2026-10-05,killed,research/edge/studies/01_us_open_scalping/REPORT.md
01_us_open_scalping,2,orb_42,orb,NAS100,1m,IS,2025-10-01,2026-05-31,2026-10-05,unknown_scripts_lost,research/edge/studies/01_us_open_scalping/REPORT.md
01_us_open_scalping,2,orb_42,orb,NAS100,1m,OOS,2026-06-01,2026-09-30,2026-10-05,killed,research/edge/studies/01_us_open_scalping/REPORT.md
01_us_open_scalping,2,orb_42,orb,US500,1m,IS,2025-10-01,2026-05-31,2026-10-05,unknown_scripts_lost,research/edge/studies/01_us_open_scalping/REPORT.md
01_us_open_scalping,2,orb_42,orb,US500,1m,OOS,2026-06-01,2026-09-30,2026-10-05,killed,research/edge/studies/01_us_open_scalping/REPORT.md
01_us_open_scalping,2,orb_43,orb,NAS100,1m,IS,2025-10-01,2026-05-31,2026-10-05,unknown_scripts_lost,research/edge/studies/01_us_open_scalping/REPORT.md
01_us_open_scalping,2,orb_43,orb,NAS100,1m,OOS,2026-06-01,2026-09-30,2026-10-05,killed,research/edge/studies/01_us_open_scalping/REPORT.md
01_us_open_scalping,2,orb_43,orb,US500,1m,IS,2025-10-01,2026-05-31,2026-10-05,unknown_scripts_lost,research/edge/studies/01_us_open_scalping/REPORT.md
01_us_open_scalping,2,orb_43,orb,US500,1m,OOS,2026-06-01,2026-09-30,2026-10-05,killed,research/edge/studies/01_us_open_scalping/REPORT.md
01_us_open_scalping,2,orb_44,orb,NAS100,1m,IS,2025-10-01,2026-05-31,2026-10-05,unknown_scripts_lost,research/edge/studies/01_us_open_scalping/REPORT.md
01_us_open_scalping,2,orb_44,orb,NAS100,1m,OOS,2026-06-01,2026-09-30,2026-10-05,killed,research/edge/studies/01_us_open_scalping/REPORT.md
01_us_open_scalping,2,orb_44,orb,US500,1m,IS,2025-10-01,2026-05-31,2026-10-05,unknown_scripts_lost,research/edge/studies/01_us_open_scalping/REPORT.md
01_us_open_scalping,2,orb_44,orb,US500,1m,OOS,2026-06-01,2026-09-30,2026-10-05,killed,research/edge/studies/01_us_open_scalping/REPORT.md
01_us_open_scalping,2,orb_45,orb,NAS100,1m,IS,2025-10-01,2026-05-31,2026-10-05,unknown_scripts_lost,research/edge/studies/01_us_open_scalping/REPORT.md
01_us_open_scalping,2,orb_45,orb,NAS100,1m,OOS,2026-06-01,2026-09-30,2026-10-05,killed,research/edge/studies/01_us_open_scalping/REPORT.md
01_us_open_scalping,2,orb_45,orb,US500,1m,IS,2025-10-01,2026-05-31,2026-10-05,unknown_scripts_lost,research/edge/studies/01_us_open_scalping/REPORT.md
01_us_open_scalping,2,orb_45,orb,US500,1m,OOS,2026-06-01,2026-09-30,2026-10-05,killed,research/edge/studies/01_us_open_scalping/REPORT.md
01_us_open_scalping,2,orb_46,orb,NAS100,1m,IS,2025-10-01,2026-05-31,2026-10-05,unknown_scripts_lost,research/edge/studies/01_us_open_scalping/REPORT.md
01_us_open_scalping,2,orb_46,orb,NAS100,1m,OOS,2026-06-01,2026-09-30,2026-10-05,killed,research/edge/studies/01_us_open_scalping/REPORT.md
01_us_open_scalping,2,orb_46,orb,US500,1m,IS,2025-10-01,2026-05-31,2026-10-05,unknown_scripts_lost,research/edge/studies/01_us_open_scalping/REPORT.md
01_us_open_scalping,2,orb_46,orb,US500,1m,OOS,2026-06-01,2026-09-30,2026-10-05,killed,research/edge/studies/01_us_open_scalping/REPORT.md
01_us_open_scalping,2,orb_47,orb,NAS100,1m,IS,2025-10-01,2026-05-31,2026-10-05,unknown_scripts_lost,research/edge/studies/01_us_open_scalping/REPORT.md
01_us_open_scalping,2,orb_47,orb,NAS100,1m,OOS,2026-06-01,2026-09-30,2026-10-05,killed,research/edge/studies/01_us_open_scalping/REPORT.md
01_us_open_scalping,2,orb_47,orb,US500,1m,IS,2025-10-01,2026-05-31,2026-10-05,unknown_scripts_lost,research/edge/studies/01_us_open_scalping/REPORT.md
01_us_open_scalping,2,orb_47,orb,US500,1m,OOS,2026-06-01,2026-09-30,2026-10-05,killed,research/edge/studies/01_us_open_scalping/REPORT.md
01_us_open_scalping,2,orb_48,orb,NAS100,1m,IS,2025-10-01,2026-05-31,2026-10-05,unknown_scripts_lost,research/edge/studies/01_us_open_scalping/REPORT.md
01_us_open_scalping,2,orb_48,orb,NAS100,1m,OOS,2026-06-01,2026-09-30,2026-10-05,killed,research/edge/studies/01_us_open_scalping/REPORT.md
01_us_open_scalping,2,orb_48,orb,US500,1m,IS,2025-10-01,2026-05-31,2026-10-05,unknown_scripts_lost,research/edge/studies/01_us_open_scalping/REPORT.md
01_us_open_scalping,2,orb_48,orb,US500,1m,OOS,2026-06-01,2026-09-30,2026-10-05,killed,research/edge/studies/01_us_open_scalping/REPORT.md
01_us_open_scalping,2,fade_01,orb-fade,NAS100,1m,IS,2025-10-01,2026-05-31,2026-10-05,unknown_scripts_lost,research/edge/studies/01_us_open_scalping/REPORT.md
01_us_open_scalping,2,fade_01,orb-fade,NAS100,1m,OOS,2026-06-01,2026-09-30,2026-10-05,killed,research/edge/studies/01_us_open_scalping/REPORT.md
01_us_open_scalping,2,fade_01,orb-fade,US500,1m,IS,2025-10-01,2026-05-31,2026-10-05,unknown_scripts_lost,research/edge/studies/01_us_open_scalping/REPORT.md
01_us_open_scalping,2,fade_01,orb-fade,US500,1m,OOS,2026-06-01,2026-09-30,2026-10-05,killed,research/edge/studies/01_us_open_scalping/REPORT.md
01_us_open_scalping,2,fade_02,orb-fade,NAS100,1m,IS,2025-10-01,2026-05-31,2026-10-05,unknown_scripts_lost,research/edge/studies/01_us_open_scalping/REPORT.md
01_us_open_scalping,2,fade_02,orb-fade,NAS100,1m,OOS,2026-06-01,2026-09-30,2026-10-05,killed,research/edge/studies/01_us_open_scalping/REPORT.md
01_us_open_scalping,2,fade_02,orb-fade,US500,1m,IS,2025-10-01,2026-05-31,2026-10-05,unknown_scripts_lost,research/edge/studies/01_us_open_scalping/REPORT.md
01_us_open_scalping,2,fade_02,orb-fade,US500,1m,OOS,2026-06-01,2026-09-30,2026-10-05,killed,research/edge/studies/01_us_open_scalping/REPORT.md
01_us_open_scalping,2,fade_03,orb-fade,NAS100,1m,IS,2025-10-01,2026-05-31,2026-10-05,unknown_scripts_lost,research/edge/studies/01_us_open_scalping/REPORT.md
01_us_open_scalping,2,fade_03,orb-fade,NAS100,1m,OOS,2026-06-01,2026-09-30,2026-10-05,killed,research/edge/studies/01_us_open_scalping/REPORT.md
01_us_open_scalping,2,fade_03,orb-fade,US500,1m,IS,2025-10-01,2026-05-31,2026-10-05,unknown_scripts_lost,research/edge/studies/01_us_open_scalping/REPORT.md
01_us_open_scalping,2,fade_03,orb-fade,US500,1m,OOS,2026-06-01,2026-09-30,2026-10-05,killed,research/edge/studies/01_us_open_scalping/REPORT.md
01_us_open_scalping,2,fade_04,orb-fade,NAS100,1m,IS,2025-10-01,2026-05-31,2026-10-05,unknown_scripts_lost,research/edge/studies/01_us_open_scalping/REPORT.md
01_us_open_scalping,2,fade_04,orb-fade,NAS100,1m,OOS,2026-06-01,2026-09-30,2026-10-05,killed,research/edge/studies/01_us_open_scalping/REPORT.md
01_us_open_scalping,2,fade_04,orb-fade,US500,1m,IS,2025-10-01,2026-05-31,2026-10-05,unknown_scripts_lost,research/edge/studies/01_us_open_scalping/REPORT.md
01_us_open_scalping,2,fade_04,orb-fade,US500,1m,OOS,2026-06-01,2026-09-30,2026-10-05,killed,research/edge/studies/01_us_open_scalping/REPORT.md
01_us_open_scalping,2,fade_05,orb-fade,NAS100,1m,IS,2025-10-01,2026-05-31,2026-10-05,unknown_scripts_lost,research/edge/studies/01_us_open_scalping/REPORT.md
01_us_open_scalping,2,fade_05,orb-fade,NAS100,1m,OOS,2026-06-01,2026-09-30,2026-10-05,killed,research/edge/studies/01_us_open_scalping/REPORT.md
01_us_open_scalping,2,fade_05,orb-fade,US500,1m,IS,2025-10-01,2026-05-31,2026-10-05,unknown_scripts_lost,research/edge/studies/01_us_open_scalping/REPORT.md
01_us_open_scalping,2,fade_05,orb-fade,US500,1m,OOS,2026-06-01,2026-09-30,2026-10-05,killed,research/edge/studies/01_us_open_scalping/REPORT.md
01_us_open_scalping,2,fade_06,orb-fade,NAS100,1m,IS,2025-10-01,2026-05-31,2026-10-05,unknown_scripts_lost,research/edge/studies/01_us_open_scalping/REPORT.md
01_us_open_scalping,2,fade_06,orb-fade,NAS100,1m,OOS,2026-06-01,2026-09-30,2026-10-05,killed,research/edge/studies/01_us_open_scalping/REPORT.md
01_us_open_scalping,2,fade_06,orb-fade,US500,1m,IS,2025-10-01,2026-05-31,2026-10-05,unknown_scripts_lost,research/edge/studies/01_us_open_scalping/REPORT.md
01_us_open_scalping,2,fade_06,orb-fade,US500,1m,OOS,2026-06-01,2026-09-30,2026-10-05,killed,research/edge/studies/01_us_open_scalping/REPORT.md
01_us_open_scalping,2,fade_07,orb-fade,NAS100,1m,IS,2025-10-01,2026-05-31,2026-10-05,unknown_scripts_lost,research/edge/studies/01_us_open_scalping/REPORT.md
01_us_open_scalping,2,fade_07,orb-fade,NAS100,1m,OOS,2026-06-01,2026-09-30,2026-10-05,killed,research/edge/studies/01_us_open_scalping/REPORT.md
01_us_open_scalping,2,fade_07,orb-fade,US500,1m,IS,2025-10-01,2026-05-31,2026-10-05,unknown_scripts_lost,research/edge/studies/01_us_open_scalping/REPORT.md
01_us_open_scalping,2,fade_07,orb-fade,US500,1m,OOS,2026-06-01,2026-09-30,2026-10-05,killed,research/edge/studies/01_us_open_scalping/REPORT.md
01_us_open_scalping,2,fade_08,orb-fade,NAS100,1m,IS,2025-10-01,2026-05-31,2026-10-05,unknown_scripts_lost,research/edge/studies/01_us_open_scalping/REPORT.md
01_us_open_scalping,2,fade_08,orb-fade,NAS100,1m,OOS,2026-06-01,2026-09-30,2026-10-05,killed,research/edge/studies/01_us_open_scalping/REPORT.md
01_us_open_scalping,2,fade_08,orb-fade,US500,1m,IS,2025-10-01,2026-05-31,2026-10-05,unknown_scripts_lost,research/edge/studies/01_us_open_scalping/REPORT.md
01_us_open_scalping,2,fade_08,orb-fade,US500,1m,OOS,2026-06-01,2026-09-30,2026-10-05,killed,research/edge/studies/01_us_open_scalping/REPORT.md
01_us_open_scalping,2,fade_09,orb-fade,NAS100,1m,IS,2025-10-01,2026-05-31,2026-10-05,unknown_scripts_lost,research/edge/studies/01_us_open_scalping/REPORT.md
01_us_open_scalping,2,fade_09,orb-fade,NAS100,1m,OOS,2026-06-01,2026-09-30,2026-10-05,killed,research/edge/studies/01_us_open_scalping/REPORT.md
01_us_open_scalping,2,fade_09,orb-fade,US500,1m,IS,2025-10-01,2026-05-31,2026-10-05,unknown_scripts_lost,research/edge/studies/01_us_open_scalping/REPORT.md
01_us_open_scalping,2,fade_09,orb-fade,US500,1m,OOS,2026-06-01,2026-09-30,2026-10-05,killed,research/edge/studies/01_us_open_scalping/REPORT.md
01_us_open_scalping,2,fade_10,orb-fade,NAS100,1m,IS,2025-10-01,2026-05-31,2026-10-05,unknown_scripts_lost,research/edge/studies/01_us_open_scalping/REPORT.md
01_us_open_scalping,2,fade_10,orb-fade,NAS100,1m,OOS,2026-06-01,2026-09-30,2026-10-05,killed,research/edge/studies/01_us_open_scalping/REPORT.md
01_us_open_scalping,2,fade_10,orb-fade,US500,1m,IS,2025-10-01,2026-05-31,2026-10-05,unknown_scripts_lost,research/edge/studies/01_us_open_scalping/REPORT.md
01_us_open_scalping,2,fade_10,orb-fade,US500,1m,OOS,2026-06-01,2026-09-30,2026-10-05,killed,research/edge/studies/01_us_open_scalping/REPORT.md
01_us_open_scalping,2,fade_11,orb-fade,NAS100,1m,IS,2025-10-01,2026-05-31,2026-10-05,unknown_scripts_lost,research/edge/studies/01_us_open_scalping/REPORT.md
01_us_open_scalping,2,fade_11,orb-fade,NAS100,1m,OOS,2026-06-01,2026-09-30,2026-10-05,killed,research/edge/studies/01_us_open_scalping/REPORT.md
01_us_open_scalping,2,fade_11,orb-fade,US500,1m,IS,2025-10-01,2026-05-31,2026-10-05,unknown_scripts_lost,research/edge/studies/01_us_open_scalping/REPORT.md
01_us_open_scalping,2,fade_11,orb-fade,US500,1m,OOS,2026-06-01,2026-09-30,2026-10-05,killed,research/edge/studies/01_us_open_scalping/REPORT.md
01_us_open_scalping,2,fade_12,orb-fade,NAS100,1m,IS,2025-10-01,2026-05-31,2026-10-05,unknown_scripts_lost,research/edge/studies/01_us_open_scalping/REPORT.md
01_us_open_scalping,2,fade_12,orb-fade,NAS100,1m,OOS,2026-06-01,2026-09-30,2026-10-05,killed,research/edge/studies/01_us_open_scalping/REPORT.md
01_us_open_scalping,2,fade_12,orb-fade,US500,1m,IS,2025-10-01,2026-05-31,2026-10-05,unknown_scripts_lost,research/edge/studies/01_us_open_scalping/REPORT.md
01_us_open_scalping,2,fade_12,orb-fade,US500,1m,OOS,2026-06-01,2026-09-30,2026-10-05,killed,research/edge/studies/01_us_open_scalping/REPORT.md
01_us_open_scalping,2,fade_13,orb-fade,NAS100,1m,IS,2025-10-01,2026-05-31,2026-10-05,unknown_scripts_lost,research/edge/studies/01_us_open_scalping/REPORT.md
01_us_open_scalping,2,fade_13,orb-fade,NAS100,1m,OOS,2026-06-01,2026-09-30,2026-10-05,killed,research/edge/studies/01_us_open_scalping/REPORT.md
01_us_open_scalping,2,fade_13,orb-fade,US500,1m,IS,2025-10-01,2026-05-31,2026-10-05,unknown_scripts_lost,research/edge/studies/01_us_open_scalping/REPORT.md
01_us_open_scalping,2,fade_13,orb-fade,US500,1m,OOS,2026-06-01,2026-09-30,2026-10-05,killed,research/edge/studies/01_us_open_scalping/REPORT.md
01_us_open_scalping,2,fade_14,orb-fade,NAS100,1m,IS,2025-10-01,2026-05-31,2026-10-05,unknown_scripts_lost,research/edge/studies/01_us_open_scalping/REPORT.md
01_us_open_scalping,2,fade_14,orb-fade,NAS100,1m,OOS,2026-06-01,2026-09-30,2026-10-05,killed,research/edge/studies/01_us_open_scalping/REPORT.md
01_us_open_scalping,2,fade_14,orb-fade,US500,1m,IS,2025-10-01,2026-05-31,2026-10-05,unknown_scripts_lost,research/edge/studies/01_us_open_scalping/REPORT.md
01_us_open_scalping,2,fade_14,orb-fade,US500,1m,OOS,2026-06-01,2026-09-30,2026-10-05,killed,research/edge/studies/01_us_open_scalping/REPORT.md
01_us_open_scalping,2,fade_15,orb-fade,NAS100,1m,IS,2025-10-01,2026-05-31,2026-10-05,unknown_scripts_lost,research/edge/studies/01_us_open_scalping/REPORT.md
01_us_open_scalping,2,fade_15,orb-fade,NAS100,1m,OOS,2026-06-01,2026-09-30,2026-10-05,killed,research/edge/studies/01_us_open_scalping/REPORT.md
01_us_open_scalping,2,fade_15,orb-fade,US500,1m,IS,2025-10-01,2026-05-31,2026-10-05,unknown_scripts_lost,research/edge/studies/01_us_open_scalping/REPORT.md
01_us_open_scalping,2,fade_15,orb-fade,US500,1m,OOS,2026-06-01,2026-09-30,2026-10-05,killed,research/edge/studies/01_us_open_scalping/REPORT.md
01_us_open_scalping,2,fade_16,orb-fade,NAS100,1m,IS,2025-10-01,2026-05-31,2026-10-05,unknown_scripts_lost,research/edge/studies/01_us_open_scalping/REPORT.md
01_us_open_scalping,2,fade_16,orb-fade,NAS100,1m,OOS,2026-06-01,2026-09-30,2026-10-05,killed,research/edge/studies/01_us_open_scalping/REPORT.md
01_us_open_scalping,2,fade_16,orb-fade,US500,1m,IS,2025-10-01,2026-05-31,2026-10-05,unknown_scripts_lost,research/edge/studies/01_us_open_scalping/REPORT.md
01_us_open_scalping,2,fade_16,orb-fade,US500,1m,OOS,2026-06-01,2026-09-30,2026-10-05,killed,research/edge/studies/01_us_open_scalping/REPORT.md
01_us_open_scalping,2,fade_17,orb-fade,NAS100,1m,IS,2025-10-01,2026-05-31,2026-10-05,unknown_scripts_lost,research/edge/studies/01_us_open_scalping/REPORT.md
01_us_open_scalping,2,fade_17,orb-fade,NAS100,1m,OOS,2026-06-01,2026-09-30,2026-10-05,killed,research/edge/studies/01_us_open_scalping/REPORT.md
01_us_open_scalping,2,fade_17,orb-fade,US500,1m,IS,2025-10-01,2026-05-31,2026-10-05,unknown_scripts_lost,research/edge/studies/01_us_open_scalping/REPORT.md
01_us_open_scalping,2,fade_17,orb-fade,US500,1m,OOS,2026-06-01,2026-09-30,2026-10-05,killed,research/edge/studies/01_us_open_scalping/REPORT.md
01_us_open_scalping,2,fade_18,orb-fade,NAS100,1m,IS,2025-10-01,2026-05-31,2026-10-05,unknown_scripts_lost,research/edge/studies/01_us_open_scalping/REPORT.md
01_us_open_scalping,2,fade_18,orb-fade,NAS100,1m,OOS,2026-06-01,2026-09-30,2026-10-05,killed,research/edge/studies/01_us_open_scalping/REPORT.md
01_us_open_scalping,2,fade_18,orb-fade,US500,1m,IS,2025-10-01,2026-05-31,2026-10-05,unknown_scripts_lost,research/edge/studies/01_us_open_scalping/REPORT.md
01_us_open_scalping,2,fade_18,orb-fade,US500,1m,OOS,2026-06-01,2026-09-30,2026-10-05,killed,research/edge/studies/01_us_open_scalping/REPORT.md
01_us_open_scalping,2,gao_NAS100,gao-momentum,NAS100,1m,IS,2025-10-01,2026-05-31,2026-10-05,null,research/edge/studies/01_us_open_scalping/REPORT.md
01_us_open_scalping,2,gao_NAS100,gao-momentum,NAS100,1m,OOS,2026-06-01,2026-09-30,2026-10-05,killed,research/edge/studies/01_us_open_scalping/REPORT.md
01_us_open_scalping,2,gao_US500,gao-momentum,US500,1m,IS,2025-10-01,2026-05-31,2026-10-05,null,research/edge/studies/01_us_open_scalping/REPORT.md
01_us_open_scalping,2,gao_US500,gao-momentum,US500,1m,OOS,2026-06-01,2026-09-30,2026-10-05,killed,research/edge/studies/01_us_open_scalping/REPORT.md
02_open_unusual_days,1,NAS100_0945_15_F1_above_VAH,F1,NAS100,1m,IS,2023-01-01,2025-06-30,2026-10-06,is-null,research/edge/studies/02_open_unusual_days/results/step1_grid.csv
02_open_unusual_days,1,NAS100_0945_15_F1_above_VAH,F1,NAS100,1m,OOS,2025-07-01,2026-09-30,2026-10-06,killed,research/edge/studies/02_open_unusual_days/results/step1_grid.csv
02_open_unusual_days,1,NAS100_0945_30_F1_above_VAH,F1,NAS100,1m,IS,2023-01-01,2025-06-30,2026-10-06,is-null,research/edge/studies/02_open_unusual_days/results/step1_grid.csv
02_open_unusual_days,1,NAS100_0945_30_F1_above_VAH,F1,NAS100,1m,OOS,2025-07-01,2026-09-30,2026-10-06,killed,research/edge/studies/02_open_unusual_days/results/step1_grid.csv
02_open_unusual_days,1,NAS100_0945_60_F1_above_VAH,F1,NAS100,1m,IS,2023-01-01,2025-06-30,2026-10-06,is-null,research/edge/studies/02_open_unusual_days/results/step1_grid.csv
02_open_unusual_days,1,NAS100_0945_60_F1_above_VAH,F1,NAS100,1m,OOS,2025-07-01,2026-09-30,2026-10-06,killed,research/edge/studies/02_open_unusual_days/results/step1_grid.csv
02_open_unusual_days,1,NAS100_1005_15_F1_above_VAH,F1,NAS100,1m,IS,2023-01-01,2025-06-30,2026-10-06,is-null,research/edge/studies/02_open_unusual_days/results/step1_grid.csv
02_open_unusual_days,1,NAS100_1005_15_F1_above_VAH,F1,NAS100,1m,OOS,2025-07-01,2026-09-30,2026-10-06,killed,research/edge/studies/02_open_unusual_days/results/step1_grid.csv
02_open_unusual_days,1,NAS100_1005_30_F1_above_VAH,F1,NAS100,1m,IS,2023-01-01,2025-06-30,2026-10-06,is-null,research/edge/studies/02_open_unusual_days/results/step1_grid.csv
02_open_unusual_days,1,NAS100_1005_30_F1_above_VAH,F1,NAS100,1m,OOS,2025-07-01,2026-09-30,2026-10-06,killed,research/edge/studies/02_open_unusual_days/results/step1_grid.csv
02_open_unusual_days,1,NAS100_1005_60_F1_above_VAH,F1,NAS100,1m,IS,2023-01-01,2025-06-30,2026-10-06,is-null,research/edge/studies/02_open_unusual_days/results/step1_grid.csv
02_open_unusual_days,1,NAS100_1005_60_F1_above_VAH,F1,NAS100,1m,OOS,2025-07-01,2026-09-30,2026-10-06,killed,research/edge/studies/02_open_unusual_days/results/step1_grid.csv
02_open_unusual_days,1,NAS100_0945_15_F1_below_VAL,F1,NAS100,1m,IS,2023-01-01,2025-06-30,2026-10-06,is-null,research/edge/studies/02_open_unusual_days/results/step1_grid.csv
02_open_unusual_days,1,NAS100_0945_15_F1_below_VAL,F1,NAS100,1m,OOS,2025-07-01,2026-09-30,2026-10-06,killed,research/edge/studies/02_open_unusual_days/results/step1_grid.csv
02_open_unusual_days,1,NAS100_0945_30_F1_below_VAL,F1,NAS100,1m,IS,2023-01-01,2025-06-30,2026-10-06,is-null,research/edge/studies/02_open_unusual_days/results/step1_grid.csv
02_open_unusual_days,1,NAS100_0945_30_F1_below_VAL,F1,NAS100,1m,OOS,2025-07-01,2026-09-30,2026-10-06,killed,research/edge/studies/02_open_unusual_days/results/step1_grid.csv
02_open_unusual_days,1,NAS100_0945_60_F1_below_VAL,F1,NAS100,1m,IS,2023-01-01,2025-06-30,2026-10-06,is-null,research/edge/studies/02_open_unusual_days/results/step1_grid.csv
02_open_unusual_days,1,NAS100_0945_60_F1_below_VAL,F1,NAS100,1m,OOS,2025-07-01,2026-09-30,2026-10-06,killed,research/edge/studies/02_open_unusual_days/results/step1_grid.csv
02_open_unusual_days,1,NAS100_1005_15_F1_below_VAL,F1,NAS100,1m,IS,2023-01-01,2025-06-30,2026-10-06,is-null,research/edge/studies/02_open_unusual_days/results/step1_grid.csv
02_open_unusual_days,1,NAS100_1005_15_F1_below_VAL,F1,NAS100,1m,OOS,2025-07-01,2026-09-30,2026-10-06,killed,research/edge/studies/02_open_unusual_days/results/step1_grid.csv
02_open_unusual_days,1,NAS100_1005_30_F1_below_VAL,F1,NAS100,1m,IS,2023-01-01,2025-06-30,2026-10-06,is-null,research/edge/studies/02_open_unusual_days/results/step1_grid.csv
02_open_unusual_days,1,NAS100_1005_30_F1_below_VAL,F1,NAS100,1m,OOS,2025-07-01,2026-09-30,2026-10-06,killed,research/edge/studies/02_open_unusual_days/results/step1_grid.csv
02_open_unusual_days,1,NAS100_1005_60_F1_below_VAL,F1,NAS100,1m,IS,2023-01-01,2025-06-30,2026-10-06,is-null,research/edge/studies/02_open_unusual_days/results/step1_grid.csv
02_open_unusual_days,1,NAS100_1005_60_F1_below_VAL,F1,NAS100,1m,OOS,2025-07-01,2026-09-30,2026-10-06,killed,research/edge/studies/02_open_unusual_days/results/step1_grid.csv
02_open_unusual_days,1,NAS100_0945_15_F1_inside,F1,NAS100,1m,IS,2023-01-01,2025-06-30,2026-10-06,is-null,research/edge/studies/02_open_unusual_days/results/step1_grid.csv
02_open_unusual_days,1,NAS100_0945_15_F1_inside,F1,NAS100,1m,OOS,2025-07-01,2026-09-30,2026-10-06,killed,research/edge/studies/02_open_unusual_days/results/step1_grid.csv
02_open_unusual_days,1,NAS100_0945_30_F1_inside,F1,NAS100,1m,IS,2023-01-01,2025-06-30,2026-10-06,is-null,research/edge/studies/02_open_unusual_days/results/step1_grid.csv
02_open_unusual_days,1,NAS100_0945_30_F1_inside,F1,NAS100,1m,OOS,2025-07-01,2026-09-30,2026-10-06,killed,research/edge/studies/02_open_unusual_days/results/step1_grid.csv
02_open_unusual_days,1,NAS100_0945_60_F1_inside,F1,NAS100,1m,IS,2023-01-01,2025-06-30,2026-10-06,is-null,research/edge/studies/02_open_unusual_days/results/step1_grid.csv
02_open_unusual_days,1,NAS100_0945_60_F1_inside,F1,NAS100,1m,OOS,2025-07-01,2026-09-30,2026-10-06,killed,research/edge/studies/02_open_unusual_days/results/step1_grid.csv
02_open_unusual_days,1,NAS100_1005_15_F1_inside,F1,NAS100,1m,IS,2023-01-01,2025-06-30,2026-10-06,is-null,research/edge/studies/02_open_unusual_days/results/step1_grid.csv
02_open_unusual_days,1,NAS100_1005_15_F1_inside,F1,NAS100,1m,OOS,2025-07-01,2026-09-30,2026-10-06,killed,research/edge/studies/02_open_unusual_days/results/step1_grid.csv
02_open_unusual_days,1,NAS100_1005_30_F1_inside,F1,NAS100,1m,IS,2023-01-01,2025-06-30,2026-10-06,is-null,research/edge/studies/02_open_unusual_days/results/step1_grid.csv
02_open_unusual_days,1,NAS100_1005_30_F1_inside,F1,NAS100,1m,OOS,2025-07-01,2026-09-30,2026-10-06,killed,research/edge/studies/02_open_unusual_days/results/step1_grid.csv
02_open_unusual_days,1,NAS100_1005_60_F1_inside,F1,NAS100,1m,IS,2023-01-01,2025-06-30,2026-10-06,is-null,research/edge/studies/02_open_unusual_days/results/step1_grid.csv
02_open_unusual_days,1,NAS100_1005_60_F1_inside,F1,NAS100,1m,OOS,2025-07-01,2026-09-30,2026-10-06,killed,research/edge/studies/02_open_unusual_days/results/step1_grid.csv
02_open_unusual_days,1,NAS100_0945_15_F2_-0.25..0.25,F2,NAS100,1m,IS,2023-01-01,2025-06-30,2026-10-06,is-null,research/edge/studies/02_open_unusual_days/results/step1_grid.csv
02_open_unusual_days,1,NAS100_0945_15_F2_-0.25..0.25,F2,NAS100,1m,OOS,2025-07-01,2026-09-30,2026-10-06,killed,research/edge/studies/02_open_unusual_days/results/step1_grid.csv
02_open_unusual_days,1,NAS100_0945_30_F2_-0.25..0.25,F2,NAS100,1m,IS,2023-01-01,2025-06-30,2026-10-06,is-null,research/edge/studies/02_open_unusual_days/results/step1_grid.csv
02_open_unusual_days,1,NAS100_0945_30_F2_-0.25..0.25,F2,NAS100,1m,OOS,2025-07-01,2026-09-30,2026-10-06,killed,research/edge/studies/02_open_unusual_days/results/step1_grid.csv
02_open_unusual_days,1,NAS100_0945_60_F2_-0.25..0.25,F2,NAS100,1m,IS,2023-01-01,2025-06-30,2026-10-06,is-null,research/edge/studies/02_open_unusual_days/results/step1_grid.csv
02_open_unusual_days,1,NAS100_0945_60_F2_-0.25..0.25,F2,NAS100,1m,OOS,2025-07-01,2026-09-30,2026-10-06,killed,research/edge/studies/02_open_unusual_days/results/step1_grid.csv
02_open_unusual_days,1,NAS100_1005_15_F2_-0.25..0.25,F2,NAS100,1m,IS,2023-01-01,2025-06-30,2026-10-06,is-null,research/edge/studies/02_open_unusual_days/results/step1_grid.csv
02_open_unusual_days,1,NAS100_1005_15_F2_-0.25..0.25,F2,NAS100,1m,OOS,2025-07-01,2026-09-30,2026-10-06,killed,research/edge/studies/02_open_unusual_days/results/step1_grid.csv
02_open_unusual_days,1,NAS100_1005_30_F2_-0.25..0.25,F2,NAS100,1m,IS,2023-01-01,2025-06-30,2026-10-06,is-null,research/edge/studies/02_open_unusual_days/results/step1_grid.csv
02_open_unusual_days,1,NAS100_1005_30_F2_-0.25..0.25,F2,NAS100,1m,OOS,2025-07-01,2026-09-30,2026-10-06,killed,research/edge/studies/02_open_unusual_days/results/step1_grid.csv
02_open_unusual_days,1,NAS100_1005_60_F2_-0.25..0.25,F2,NAS100,1m,IS,2023-01-01,2025-06-30,2026-10-06,is-null,research/edge/studies/02_open_unusual_days/results/step1_grid.csv
02_open_unusual_days,1,NAS100_1005_60_F2_-0.25..0.25,F2,NAS100,1m,OOS,2025-07-01,2026-09-30,2026-10-06,killed,research/edge/studies/02_open_unusual_days/results/step1_grid.csv
02_open_unusual_days,1,NAS100_0945_15_F2_-1..-0.25,F2,NAS100,1m,IS,2023-01-01,2025-06-30,2026-10-06,is-null,research/edge/studies/02_open_unusual_days/results/step1_grid.csv
02_open_unusual_days,1,NAS100_0945_15_F2_-1..-0.25,F2,NAS100,1m,OOS,2025-07-01,2026-09-30,2026-10-06,killed,research/edge/studies/02_open_unusual_days/results/step1_grid.csv
02_open_unusual_days,1,NAS100_0945_30_F2_-1..-0.25,F2,NAS100,1m,IS,2023-01-01,2025-06-30,2026-10-06,is-null,research/edge/studies/02_open_unusual_days/results/step1_grid.csv
02_open_unusual_days,1,NAS100_0945_30_F2_-1..-0.25,F2,NAS100,1m,OOS,2025-07-01,2026-09-30,2026-10-06,killed,research/edge/studies/02_open_unusual_days/results/step1_grid.csv
02_open_unusual_days,1,NAS100_0945_60_F2_-1..-0.25,F2,NAS100,1m,IS,2023-01-01,2025-06-30,2026-10-06,is-null,research/edge/studies/02_open_unusual_days/results/step1_grid.csv
02_open_unusual_days,1,NAS100_0945_60_F2_-1..-0.25,F2,NAS100,1m,OOS,2025-07-01,2026-09-30,2026-10-06,killed,research/edge/studies/02_open_unusual_days/results/step1_grid.csv
02_open_unusual_days,1,NAS100_1005_15_F2_-1..-0.25,F2,NAS100,1m,IS,2023-01-01,2025-06-30,2026-10-06,is-null,research/edge/studies/02_open_unusual_days/results/step1_grid.csv
02_open_unusual_days,1,NAS100_1005_15_F2_-1..-0.25,F2,NAS100,1m,OOS,2025-07-01,2026-09-30,2026-10-06,killed,research/edge/studies/02_open_unusual_days/results/step1_grid.csv
02_open_unusual_days,1,NAS100_1005_30_F2_-1..-0.25,F2,NAS100,1m,IS,2023-01-01,2025-06-30,2026-10-06,is-sig,research/edge/studies/02_open_unusual_days/results/step1_grid.csv
02_open_unusual_days,1,NAS100_1005_30_F2_-1..-0.25,F2,NAS100,1m,OOS,2025-07-01,2026-09-30,2026-10-06,killed,research/edge/studies/02_open_unusual_days/results/step1_grid.csv
02_open_unusual_days,1,NAS100_1005_60_F2_-1..-0.25,F2,NAS100,1m,IS,2023-01-01,2025-06-30,2026-10-06,is-null,research/edge/studies/02_open_unusual_days/results/step1_grid.csv
02_open_unusual_days,1,NAS100_1005_60_F2_-1..-0.25,F2,NAS100,1m,OOS,2025-07-01,2026-09-30,2026-10-06,killed,research/edge/studies/02_open_unusual_days/results/step1_grid.csv
02_open_unusual_days,1,NAS100_0945_15_F2_0.25..1,F2,NAS100,1m,IS,2023-01-01,2025-06-30,2026-10-06,is-null,research/edge/studies/02_open_unusual_days/results/step1_grid.csv
02_open_unusual_days,1,NAS100_0945_15_F2_0.25..1,F2,NAS100,1m,OOS,2025-07-01,2026-09-30,2026-10-06,killed,research/edge/studies/02_open_unusual_days/results/step1_grid.csv
02_open_unusual_days,1,NAS100_0945_30_F2_0.25..1,F2,NAS100,1m,IS,2023-01-01,2025-06-30,2026-10-06,is-null,research/edge/studies/02_open_unusual_days/results/step1_grid.csv
02_open_unusual_days,1,NAS100_0945_30_F2_0.25..1,F2,NAS100,1m,OOS,2025-07-01,2026-09-30,2026-10-06,killed,research/edge/studies/02_open_unusual_days/results/step1_grid.csv
02_open_unusual_days,1,NAS100_0945_60_F2_0.25..1,F2,NAS100,1m,IS,2023-01-01,2025-06-30,2026-10-06,is-null,research/edge/studies/02_open_unusual_days/results/step1_grid.csv
02_open_unusual_days,1,NAS100_0945_60_F2_0.25..1,F2,NAS100,1m,OOS,2025-07-01,2026-09-30,2026-10-06,killed,research/edge/studies/02_open_unusual_days/results/step1_grid.csv
02_open_unusual_days,1,NAS100_1005_15_F2_0.25..1,F2,NAS100,1m,IS,2023-01-01,2025-06-30,2026-10-06,is-null,research/edge/studies/02_open_unusual_days/results/step1_grid.csv
02_open_unusual_days,1,NAS100_1005_15_F2_0.25..1,F2,NAS100,1m,OOS,2025-07-01,2026-09-30,2026-10-06,killed,research/edge/studies/02_open_unusual_days/results/step1_grid.csv
02_open_unusual_days,1,NAS100_1005_30_F2_0.25..1,F2,NAS100,1m,IS,2023-01-01,2025-06-30,2026-10-06,is-null,research/edge/studies/02_open_unusual_days/results/step1_grid.csv
02_open_unusual_days,1,NAS100_1005_30_F2_0.25..1,F2,NAS100,1m,OOS,2025-07-01,2026-09-30,2026-10-06,killed,research/edge/studies/02_open_unusual_days/results/step1_grid.csv
02_open_unusual_days,1,NAS100_1005_60_F2_0.25..1,F2,NAS100,1m,IS,2023-01-01,2025-06-30,2026-10-06,is-null,research/edge/studies/02_open_unusual_days/results/step1_grid.csv
02_open_unusual_days,1,NAS100_1005_60_F2_0.25..1,F2,NAS100,1m,OOS,2025-07-01,2026-09-30,2026-10-06,killed,research/edge/studies/02_open_unusual_days/results/step1_grid.csv
02_open_unusual_days,1,NAS100_0945_15_F2__-1,F2,NAS100,1m,IS,2023-01-01,2025-06-30,2026-10-06,is-null,research/edge/studies/02_open_unusual_days/results/step1_grid.csv
02_open_unusual_days,1,NAS100_0945_15_F2__-1,F2,NAS100,1m,OOS,2025-07-01,2026-09-30,2026-10-06,killed,research/edge/studies/02_open_unusual_days/results/step1_grid.csv
02_open_unusual_days,1,NAS100_0945_30_F2__-1,F2,NAS100,1m,IS,2023-01-01,2025-06-30,2026-10-06,is-null,research/edge/studies/02_open_unusual_days/results/step1_grid.csv
02_open_unusual_days,1,NAS100_0945_30_F2__-1,F2,NAS100,1m,OOS,2025-07-01,2026-09-30,2026-10-06,killed,research/edge/studies/02_open_unusual_days/results/step1_grid.csv
02_open_unusual_days,1,NAS100_0945_60_F2__-1,F2,NAS100,1m,IS,2023-01-01,2025-06-30,2026-10-06,is-null,research/edge/studies/02_open_unusual_days/results/step1_grid.csv
02_open_unusual_days,1,NAS100_0945_60_F2__-1,F2,NAS100,1m,OOS,2025-07-01,2026-09-30,2026-10-06,killed,research/edge/studies/02_open_unusual_days/results/step1_grid.csv
02_open_unusual_days,1,NAS100_1005_15_F2__-1,F2,NAS100,1m,IS,2023-01-01,2025-06-30,2026-10-06,is-null,research/edge/studies/02_open_unusual_days/results/step1_grid.csv
02_open_unusual_days,1,NAS100_1005_15_F2__-1,F2,NAS100,1m,OOS,2025-07-01,2026-09-30,2026-10-06,killed,research/edge/studies/02_open_unusual_days/results/step1_grid.csv
02_open_unusual_days,1,NAS100_1005_30_F2__-1,F2,NAS100,1m,IS,2023-01-01,2025-06-30,2026-10-06,is-null,research/edge/studies/02_open_unusual_days/results/step1_grid.csv
02_open_unusual_days,1,NAS100_1005_30_F2__-1,F2,NAS100,1m,OOS,2025-07-01,2026-09-30,2026-10-06,killed,research/edge/studies/02_open_unusual_days/results/step1_grid.csv
02_open_unusual_days,1,NAS100_1005_60_F2__-1,F2,NAS100,1m,IS,2023-01-01,2025-06-30,2026-10-06,is-null,research/edge/studies/02_open_unusual_days/results/step1_grid.csv
02_open_unusual_days,1,NAS100_1005_60_F2__-1,F2,NAS100,1m,OOS,2025-07-01,2026-09-30,2026-10-06,killed,research/edge/studies/02_open_unusual_days/results/step1_grid.csv
02_open_unusual_days,1,NAS100_0945_15_F2__1,F2,NAS100,1m,IS,2023-01-01,2025-06-30,2026-10-06,is-null,research/edge/studies/02_open_unusual_days/results/step1_grid.csv
02_open_unusual_days,1,NAS100_0945_15_F2__1,F2,NAS100,1m,OOS,2025-07-01,2026-09-30,2026-10-06,killed,research/edge/studies/02_open_unusual_days/results/step1_grid.csv
02_open_unusual_days,1,NAS100_0945_30_F2__1,F2,NAS100,1m,IS,2023-01-01,2025-06-30,2026-10-06,is-null,research/edge/studies/02_open_unusual_days/results/step1_grid.csv
02_open_unusual_days,1,NAS100_0945_30_F2__1,F2,NAS100,1m,OOS,2025-07-01,2026-09-30,2026-10-06,killed,research/edge/studies/02_open_unusual_days/results/step1_grid.csv
02_open_unusual_days,1,NAS100_0945_60_F2__1,F2,NAS100,1m,IS,2023-01-01,2025-06-30,2026-10-06,is-null,research/edge/studies/02_open_unusual_days/results/step1_grid.csv
02_open_unusual_days,1,NAS100_0945_60_F2__1,F2,NAS100,1m,OOS,2025-07-01,2026-09-30,2026-10-06,killed,research/edge/studies/02_open_unusual_days/results/step1_grid.csv
02_open_unusual_days,1,NAS100_1005_15_F2__1,F2,NAS100,1m,IS,2023-01-01,2025-06-30,2026-10-06,is-null,research/edge/studies/02_open_unusual_days/results/step1_grid.csv
02_open_unusual_days,1,NAS100_1005_15_F2__1,F2,NAS100,1m,OOS,2025-07-01,2026-09-30,2026-10-06,killed,research/edge/studies/02_open_unusual_days/results/step1_grid.csv
02_open_unusual_days,1,NAS100_1005_30_F2__1,F2,NAS100,1m,IS,2023-01-01,2025-06-30,2026-10-06,is-null,research/edge/studies/02_open_unusual_days/results/step1_grid.csv
02_open_unusual_days,1,NAS100_1005_30_F2__1,F2,NAS100,1m,OOS,2025-07-01,2026-09-30,2026-10-06,killed,research/edge/studies/02_open_unusual_days/results/step1_grid.csv
02_open_unusual_days,1,NAS100_1005_60_F2__1,F2,NAS100,1m,IS,2023-01-01,2025-06-30,2026-10-06,is-null,research/edge/studies/02_open_unusual_days/results/step1_grid.csv
02_open_unusual_days,1,NAS100_1005_60_F2__1,F2,NAS100,1m,OOS,2025-07-01,2026-09-30,2026-10-06,killed,research/edge/studies/02_open_unusual_days/results/step1_grid.csv
02_open_unusual_days,1,NAS100_0945_15_F3_hi_dn,F3,NAS100,1m,IS,2023-01-01,2025-06-30,2026-10-06,is-null,research/edge/studies/02_open_unusual_days/results/step1_grid.csv
02_open_unusual_days,1,NAS100_0945_15_F3_hi_dn,F3,NAS100,1m,OOS,2025-07-01,2026-09-30,2026-10-06,killed,research/edge/studies/02_open_unusual_days/results/step1_grid.csv
02_open_unusual_days,1,NAS100_0945_30_F3_hi_dn,F3,NAS100,1m,IS,2023-01-01,2025-06-30,2026-10-06,is-null,research/edge/studies/02_open_unusual_days/results/step1_grid.csv
02_open_unusual_days,1,NAS100_0945_30_F3_hi_dn,F3,NAS100,1m,OOS,2025-07-01,2026-09-30,2026-10-06,killed,research/edge/studies/02_open_unusual_days/results/step1_grid.csv
02_open_unusual_days,1,NAS100_0945_60_F3_hi_dn,F3,NAS100,1m,IS,2023-01-01,2025-06-30,2026-10-06,is-null,research/edge/studies/02_open_unusual_days/results/step1_grid.csv
02_open_unusual_days,1,NAS100_0945_60_F3_hi_dn,F3,NAS100,1m,OOS,2025-07-01,2026-09-30,2026-10-06,killed,research/edge/studies/02_open_unusual_days/results/step1_grid.csv
02_open_unusual_days,1,NAS100_1005_15_F3_hi_dn,F3,NAS100,1m,IS,2023-01-01,2025-06-30,2026-10-06,is-null,research/edge/studies/02_open_unusual_days/results/step1_grid.csv
02_open_unusual_days,1,NAS100_1005_15_F3_hi_dn,F3,NAS100,1m,OOS,2025-07-01,2026-09-30,2026-10-06,killed,research/edge/studies/02_open_unusual_days/results/step1_grid.csv
02_open_unusual_days,1,NAS100_1005_30_F3_hi_dn,F3,NAS100,1m,IS,2023-01-01,2025-06-30,2026-10-06,is-null,research/edge/studies/02_open_unusual_days/results/step1_grid.csv
02_open_unusual_days,1,NAS100_1005_30_F3_hi_dn,F3,NAS100,1m,OOS,2025-07-01,2026-09-30,2026-10-06,killed,research/edge/studies/02_open_unusual_days/results/step1_grid.csv
02_open_unusual_days,1,NAS100_1005_60_F3_hi_dn,F3,NAS100,1m,IS,2023-01-01,2025-06-30,2026-10-06,is-null,research/edge/studies/02_open_unusual_days/results/step1_grid.csv
02_open_unusual_days,1,NAS100_1005_60_F3_hi_dn,F3,NAS100,1m,OOS,2025-07-01,2026-09-30,2026-10-06,killed,research/edge/studies/02_open_unusual_days/results/step1_grid.csv
02_open_unusual_days,1,NAS100_0945_15_F3_hi_up,F3,NAS100,1m,IS,2023-01-01,2025-06-30,2026-10-06,is-null,research/edge/studies/02_open_unusual_days/results/step1_grid.csv
02_open_unusual_days,1,NAS100_0945_15_F3_hi_up,F3,NAS100,1m,OOS,2025-07-01,2026-09-30,2026-10-06,killed,research/edge/studies/02_open_unusual_days/results/step1_grid.csv
02_open_unusual_days,1,NAS100_0945_30_F3_hi_up,F3,NAS100,1m,IS,2023-01-01,2025-06-30,2026-10-06,is-null,research/edge/studies/02_open_unusual_days/results/step1_grid.csv
02_open_unusual_days,1,NAS100_0945_30_F3_hi_up,F3,NAS100,1m,OOS,2025-07-01,2026-09-30,2026-10-06,killed,research/edge/studies/02_open_unusual_days/results/step1_grid.csv
02_open_unusual_days,1,NAS100_0945_60_F3_hi_up,F3,NAS100,1m,IS,2023-01-01,2025-06-30,2026-10-06,is-null,research/edge/studies/02_open_unusual_days/results/step1_grid.csv
02_open_unusual_days,1,NAS100_0945_60_F3_hi_up,F3,NAS100,1m,OOS,2025-07-01,2026-09-30,2026-10-06,killed,research/edge/studies/02_open_unusual_days/results/step1_grid.csv
02_open_unusual_days,1,NAS100_1005_15_F3_hi_up,F3,NAS100,1m,IS,2023-01-01,2025-06-30,2026-10-06,is-null,research/edge/studies/02_open_unusual_days/results/step1_grid.csv
02_open_unusual_days,1,NAS100_1005_15_F3_hi_up,F3,NAS100,1m,OOS,2025-07-01,2026-09-30,2026-10-06,killed,research/edge/studies/02_open_unusual_days/results/step1_grid.csv
02_open_unusual_days,1,NAS100_1005_30_F3_hi_up,F3,NAS100,1m,IS,2023-01-01,2025-06-30,2026-10-06,is-null,research/edge/studies/02_open_unusual_days/results/step1_grid.csv
02_open_unusual_days,1,NAS100_1005_30_F3_hi_up,F3,NAS100,1m,OOS,2025-07-01,2026-09-30,2026-10-06,killed,research/edge/studies/02_open_unusual_days/results/step1_grid.csv
02_open_unusual_days,1,NAS100_1005_60_F3_hi_up,F3,NAS100,1m,IS,2023-01-01,2025-06-30,2026-10-06,is-null,research/edge/studies/02_open_unusual_days/results/step1_grid.csv
02_open_unusual_days,1,NAS100_1005_60_F3_hi_up,F3,NAS100,1m,OOS,2025-07-01,2026-09-30,2026-10-06,killed,research/edge/studies/02_open_unusual_days/results/step1_grid.csv
02_open_unusual_days,1,NAS100_0945_15_F3_lo_dn,F3,NAS100,1m,IS,2023-01-01,2025-06-30,2026-10-06,is-null,research/edge/studies/02_open_unusual_days/results/step1_grid.csv
02_open_unusual_days,1,NAS100_0945_15_F3_lo_dn,F3,NAS100,1m,OOS,2025-07-01,2026-09-30,2026-10-06,killed,research/edge/studies/02_open_unusual_days/results/step1_grid.csv
02_open_unusual_days,1,NAS100_0945_30_F3_lo_dn,F3,NAS100,1m,IS,2023-01-01,2025-06-30,2026-10-06,is-null,research/edge/studies/02_open_unusual_days/results/step1_grid.csv
02_open_unusual_days,1,NAS100_0945_30_F3_lo_dn,F3,NAS100,1m,OOS,2025-07-01,2026-09-30,2026-10-06,killed,research/edge/studies/02_open_unusual_days/results/step1_grid.csv
02_open_unusual_days,1,NAS100_0945_60_F3_lo_dn,F3,NAS100,1m,IS,2023-01-01,2025-06-30,2026-10-06,is-null,research/edge/studies/02_open_unusual_days/results/step1_grid.csv
02_open_unusual_days,1,NAS100_0945_60_F3_lo_dn,F3,NAS100,1m,OOS,2025-07-01,2026-09-30,2026-10-06,killed,research/edge/studies/02_open_unusual_days/results/step1_grid.csv
02_open_unusual_days,1,NAS100_1005_15_F3_lo_dn,F3,NAS100,1m,IS,2023-01-01,2025-06-30,2026-10-06,is-null,research/edge/studies/02_open_unusual_days/results/step1_grid.csv
02_open_unusual_days,1,NAS100_1005_15_F3_lo_dn,F3,NAS100,1m,OOS,2025-07-01,2026-09-30,2026-10-06,killed,research/edge/studies/02_open_unusual_days/results/step1_grid.csv
02_open_unusual_days,1,NAS100_1005_30_F3_lo_dn,F3,NAS100,1m,IS,2023-01-01,2025-06-30,2026-10-06,is-null,research/edge/studies/02_open_unusual_days/results/step1_grid.csv
02_open_unusual_days,1,NAS100_1005_30_F3_lo_dn,F3,NAS100,1m,OOS,2025-07-01,2026-09-30,2026-10-06,killed,research/edge/studies/02_open_unusual_days/results/step1_grid.csv
02_open_unusual_days,1,NAS100_1005_60_F3_lo_dn,F3,NAS100,1m,IS,2023-01-01,2025-06-30,2026-10-06,is-null,research/edge/studies/02_open_unusual_days/results/step1_grid.csv
02_open_unusual_days,1,NAS100_1005_60_F3_lo_dn,F3,NAS100,1m,OOS,2025-07-01,2026-09-30,2026-10-06,killed,research/edge/studies/02_open_unusual_days/results/step1_grid.csv
02_open_unusual_days,1,NAS100_0945_15_F3_lo_up,F3,NAS100,1m,IS,2023-01-01,2025-06-30,2026-10-06,is-null,research/edge/studies/02_open_unusual_days/results/step1_grid.csv
02_open_unusual_days,1,NAS100_0945_15_F3_lo_up,F3,NAS100,1m,OOS,2025-07-01,2026-09-30,2026-10-06,killed,research/edge/studies/02_open_unusual_days/results/step1_grid.csv
02_open_unusual_days,1,NAS100_0945_30_F3_lo_up,F3,NAS100,1m,IS,2023-01-01,2025-06-30,2026-10-06,is-null,research/edge/studies/02_open_unusual_days/results/step1_grid.csv
02_open_unusual_days,1,NAS100_0945_30_F3_lo_up,F3,NAS100,1m,OOS,2025-07-01,2026-09-30,2026-10-06,killed,research/edge/studies/02_open_unusual_days/results/step1_grid.csv
02_open_unusual_days,1,NAS100_0945_60_F3_lo_up,F3,NAS100,1m,IS,2023-01-01,2025-06-30,2026-10-06,is-null,research/edge/studies/02_open_unusual_days/results/step1_grid.csv
02_open_unusual_days,1,NAS100_0945_60_F3_lo_up,F3,NAS100,1m,OOS,2025-07-01,2026-09-30,2026-10-06,killed,research/edge/studies/02_open_unusual_days/results/step1_grid.csv
02_open_unusual_days,1,NAS100_1005_15_F3_lo_up,F3,NAS100,1m,IS,2023-01-01,2025-06-30,2026-10-06,is-null,research/edge/studies/02_open_unusual_days/results/step1_grid.csv
02_open_unusual_days,1,NAS100_1005_15_F3_lo_up,F3,NAS100,1m,OOS,2025-07-01,2026-09-30,2026-10-06,killed,research/edge/studies/02_open_unusual_days/results/step1_grid.csv
02_open_unusual_days,1,NAS100_1005_30_F3_lo_up,F3,NAS100,1m,IS,2023-01-01,2025-06-30,2026-10-06,is-null,research/edge/studies/02_open_unusual_days/results/step1_grid.csv
02_open_unusual_days,1,NAS100_1005_30_F3_lo_up,F3,NAS100,1m,OOS,2025-07-01,2026-09-30,2026-10-06,killed,research/edge/studies/02_open_unusual_days/results/step1_grid.csv
02_open_unusual_days,1,NAS100_1005_60_F3_lo_up,F3,NAS100,1m,IS,2023-01-01,2025-06-30,2026-10-06,is-null,research/edge/studies/02_open_unusual_days/results/step1_grid.csv
02_open_unusual_days,1,NAS100_1005_60_F3_lo_up,F3,NAS100,1m,OOS,2025-07-01,2026-09-30,2026-10-06,killed,research/edge/studies/02_open_unusual_days/results/step1_grid.csv
02_open_unusual_days,1,NAS100_0945_15_F3_mid_dn,F3,NAS100,1m,IS,2023-01-01,2025-06-30,2026-10-06,is-null,research/edge/studies/02_open_unusual_days/results/step1_grid.csv
02_open_unusual_days,1,NAS100_0945_15_F3_mid_dn,F3,NAS100,1m,OOS,2025-07-01,2026-09-30,2026-10-06,killed,research/edge/studies/02_open_unusual_days/results/step1_grid.csv
02_open_unusual_days,1,NAS100_0945_30_F3_mid_dn,F3,NAS100,1m,IS,2023-01-01,2025-06-30,2026-10-06,is-null,research/edge/studies/02_open_unusual_days/results/step1_grid.csv
02_open_unusual_days,1,NAS100_0945_30_F3_mid_dn,F3,NAS100,1m,OOS,2025-07-01,2026-09-30,2026-10-06,killed,research/edge/studies/02_open_unusual_days/results/step1_grid.csv
02_open_unusual_days,1,NAS100_0945_60_F3_mid_dn,F3,NAS100,1m,IS,2023-01-01,2025-06-30,2026-10-06,is-null,research/edge/studies/02_open_unusual_days/results/step1_grid.csv
02_open_unusual_days,1,NAS100_0945_60_F3_mid_dn,F3,NAS100,1m,OOS,2025-07-01,2026-09-30,2026-10-06,killed,research/edge/studies/02_open_unusual_days/results/step1_grid.csv
02_open_unusual_days,1,NAS100_1005_15_F3_mid_dn,F3,NAS100,1m,IS,2023-01-01,2025-06-30,2026-10-06,is-null,research/edge/studies/02_open_unusual_days/results/step1_grid.csv
02_open_unusual_days,1,NAS100_1005_15_F3_mid_dn,F3,NAS100,1m,OOS,2025-07-01,2026-09-30,2026-10-06,killed,research/edge/studies/02_open_unusual_days/results/step1_grid.csv
02_open_unusual_days,1,NAS100_1005_30_F3_mid_dn,F3,NAS100,1m,IS,2023-01-01,2025-06-30,2026-10-06,is-null,research/edge/studies/02_open_unusual_days/results/step1_grid.csv
02_open_unusual_days,1,NAS100_1005_30_F3_mid_dn,F3,NAS100,1m,OOS,2025-07-01,2026-09-30,2026-10-06,killed,research/edge/studies/02_open_unusual_days/results/step1_grid.csv
02_open_unusual_days,1,NAS100_1005_60_F3_mid_dn,F3,NAS100,1m,IS,2023-01-01,2025-06-30,2026-10-06,is-null,research/edge/studies/02_open_unusual_days/results/step1_grid.csv
02_open_unusual_days,1,NAS100_1005_60_F3_mid_dn,F3,NAS100,1m,OOS,2025-07-01,2026-09-30,2026-10-06,killed,research/edge/studies/02_open_unusual_days/results/step1_grid.csv
02_open_unusual_days,1,NAS100_0945_15_F3_mid_up,F3,NAS100,1m,IS,2023-01-01,2025-06-30,2026-10-06,is-null,research/edge/studies/02_open_unusual_days/results/step1_grid.csv
02_open_unusual_days,1,NAS100_0945_15_F3_mid_up,F3,NAS100,1m,OOS,2025-07-01,2026-09-30,2026-10-06,killed,research/edge/studies/02_open_unusual_days/results/step1_grid.csv
02_open_unusual_days,1,NAS100_0945_30_F3_mid_up,F3,NAS100,1m,IS,2023-01-01,2025-06-30,2026-10-06,is-null,research/edge/studies/02_open_unusual_days/results/step1_grid.csv
02_open_unusual_days,1,NAS100_0945_30_F3_mid_up,F3,NAS100,1m,OOS,2025-07-01,2026-09-30,2026-10-06,killed,research/edge/studies/02_open_unusual_days/results/step1_grid.csv
02_open_unusual_days,1,NAS100_0945_60_F3_mid_up,F3,NAS100,1m,IS,2023-01-01,2025-06-30,2026-10-06,is-null,research/edge/studies/02_open_unusual_days/results/step1_grid.csv
02_open_unusual_days,1,NAS100_0945_60_F3_mid_up,F3,NAS100,1m,OOS,2025-07-01,2026-09-30,2026-10-06,killed,research/edge/studies/02_open_unusual_days/results/step1_grid.csv
02_open_unusual_days,1,NAS100_1005_15_F3_mid_up,F3,NAS100,1m,IS,2023-01-01,2025-06-30,2026-10-06,is-null,research/edge/studies/02_open_unusual_days/results/step1_grid.csv
02_open_unusual_days,1,NAS100_1005_15_F3_mid_up,F3,NAS100,1m,OOS,2025-07-01,2026-09-30,2026-10-06,killed,research/edge/studies/02_open_unusual_days/results/step1_grid.csv
02_open_unusual_days,1,NAS100_1005_30_F3_mid_up,F3,NAS100,1m,IS,2023-01-01,2025-06-30,2026-10-06,is-null,research/edge/studies/02_open_unusual_days/results/step1_grid.csv
02_open_unusual_days,1,NAS100_1005_30_F3_mid_up,F3,NAS100,1m,OOS,2025-07-01,2026-09-30,2026-10-06,killed,research/edge/studies/02_open_unusual_days/results/step1_grid.csv
02_open_unusual_days,1,NAS100_1005_60_F3_mid_up,F3,NAS100,1m,IS,2023-01-01,2025-06-30,2026-10-06,is-null,research/edge/studies/02_open_unusual_days/results/step1_grid.csv
02_open_unusual_days,1,NAS100_1005_60_F3_mid_up,F3,NAS100,1m,OOS,2025-07-01,2026-09-30,2026-10-06,killed,research/edge/studies/02_open_unusual_days/results/step1_grid.csv
02_open_unusual_days,1,NAS100_0945_15_F4_all_above,F4,NAS100,1m,IS,2023-01-01,2025-06-30,2026-10-06,is-null,research/edge/studies/02_open_unusual_days/results/step1_grid.csv
02_open_unusual_days,1,NAS100_0945_15_F4_all_above,F4,NAS100,1m,OOS,2025-07-01,2026-09-30,2026-10-06,killed,research/edge/studies/02_open_unusual_days/results/step1_grid.csv
02_open_unusual_days,1,NAS100_0945_30_F4_all_above,F4,NAS100,1m,IS,2023-01-01,2025-06-30,2026-10-06,is-null,research/edge/studies/02_open_unusual_days/results/step1_grid.csv
02_open_unusual_days,1,NAS100_0945_30_F4_all_above,F4,NAS100,1m,OOS,2025-07-01,2026-09-30,2026-10-06,killed,research/edge/studies/02_open_unusual_days/results/step1_grid.csv
02_open_unusual_days,1,NAS100_0945_60_F4_all_above,F4,NAS100,1m,IS,2023-01-01,2025-06-30,2026-10-06,is-null,research/edge/studies/02_open_unusual_days/results/step1_grid.csv
02_open_unusual_days,1,NAS100_0945_60_F4_all_above,F4,NAS100,1m,OOS,2025-07-01,2026-09-30,2026-10-06,killed,research/edge/studies/02_open_unusual_days/results/step1_grid.csv
02_open_unusual_days,1,NAS100_1005_15_F4_all_above,F4,NAS100,1m,IS,2023-01-01,2025-06-30,2026-10-06,is-null,research/edge/studies/02_open_unusual_days/results/step1_grid.csv
02_open_unusual_days,1,NAS100_1005_15_F4_all_above,F4,NAS100,1m,OOS,2025-07-01,2026-09-30,2026-10-06,killed,research/edge/studies/02_open_unusual_days/results/step1_grid.csv
02_open_unusual_days,1,NAS100_1005_30_F4_all_above,F4,NAS100,1m,IS,2023-01-01,2025-06-30,2026-10-06,is-sig,research/edge/studies/02_open_unusual_days/results/step1_grid.csv
02_open_unusual_days,1,NAS100_1005_30_F4_all_above,F4,NAS100,1m,OOS,2025-07-01,2026-09-30,2026-10-06,killed,research/edge/studies/02_open_unusual_days/results/step1_grid.csv
02_open_unusual_days,1,NAS100_1005_60_F4_all_above,F4,NAS100,1m,IS,2023-01-01,2025-06-30,2026-10-06,is-sig,research/edge/studies/02_open_unusual_days/results/step1_grid.csv
02_open_unusual_days,1,NAS100_1005_60_F4_all_above,F4,NAS100,1m,OOS,2025-07-01,2026-09-30,2026-10-06,killed,research/edge/studies/02_open_unusual_days/results/step1_grid.csv
02_open_unusual_days,1,NAS100_0945_15_F4_all_below,F4,NAS100,1m,IS,2023-01-01,2025-06-30,2026-10-06,is-null,research/edge/studies/02_open_unusual_days/results/step1_grid.csv
02_open_unusual_days,1,NAS100_0945_15_F4_all_below,F4,NAS100,1m,OOS,2025-07-01,2026-09-30,2026-10-06,killed,research/edge/studies/02_open_unusual_days/results/step1_grid.csv
02_open_unusual_days,1,NAS100_0945_30_F4_all_below,F4,NAS100,1m,IS,2023-01-01,2025-06-30,2026-10-06,is-null,research/edge/studies/02_open_unusual_days/results/step1_grid.csv
02_open_unusual_days,1,NAS100_0945_30_F4_all_below,F4,NAS100,1m,OOS,2025-07-01,2026-09-30,2026-10-06,killed,research/edge/studies/02_open_unusual_days/results/step1_grid.csv
02_open_unusual_days,1,NAS100_0945_60_F4_all_below,F4,NAS100,1m,IS,2023-01-01,2025-06-30,2026-10-06,is-null,research/edge/studies/02_open_unusual_days/results/step1_grid.csv
02_open_unusual_days,1,NAS100_0945_60_F4_all_below,F4,NAS100,1m,OOS,2025-07-01,2026-09-30,2026-10-06,killed,research/edge/studies/02_open_unusual_days/results/step1_grid.csv
02_open_unusual_days,1,NAS100_1005_15_F4_all_below,F4,NAS100,1m,IS,2023-01-01,2025-06-30,2026-10-06,is-null,research/edge/studies/02_open_unusual_days/results/step1_grid.csv
02_open_unusual_days,1,NAS100_1005_15_F4_all_below,F4,NAS100,1m,OOS,2025-07-01,2026-09-30,2026-10-06,killed,research/edge/studies/02_open_unusual_days/results/step1_grid.csv
02_open_unusual_days,1,NAS100_1005_30_F4_all_below,F4,NAS100,1m,IS,2023-01-01,2025-06-30,2026-10-06,is-null,research/edge/studies/02_open_unusual_days/results/step1_grid.csv
02_open_unusual_days,1,NAS100_1005_30_F4_all_below,F4,NAS100,1m,OOS,2025-07-01,2026-09-30,2026-10-06,killed,research/edge/studies/02_open_unusual_days/results/step1_grid.csv
02_open_unusual_days,1,NAS100_1005_60_F4_all_below,F4,NAS100,1m,IS,2023-01-01,2025-06-30,2026-10-06,is-null,research/edge/studies/02_open_unusual_days/results/step1_grid.csv
02_open_unusual_days,1,NAS100_1005_60_F4_all_below,F4,NAS100,1m,OOS,2025-07-01,2026-09-30,2026-10-06,killed,research/edge/studies/02_open_unusual_days/results/step1_grid.csv
02_open_unusual_days,1,NAS100_0945_15_F4_mixed,F4,NAS100,1m,IS,2023-01-01,2025-06-30,2026-10-06,is-null,research/edge/studies/02_open_unusual_days/results/step1_grid.csv
02_open_unusual_days,1,NAS100_0945_15_F4_mixed,F4,NAS100,1m,OOS,2025-07-01,2026-09-30,2026-10-06,killed,research/edge/studies/02_open_unusual_days/results/step1_grid.csv
02_open_unusual_days,1,NAS100_0945_30_F4_mixed,F4,NAS100,1m,IS,2023-01-01,2025-06-30,2026-10-06,is-null,research/edge/studies/02_open_unusual_days/results/step1_grid.csv
02_open_unusual_days,1,NAS100_0945_30_F4_mixed,F4,NAS100,1m,OOS,2025-07-01,2026-09-30,2026-10-06,killed,research/edge/studies/02_open_unusual_days/results/step1_grid.csv
02_open_unusual_days,1,NAS100_0945_60_F4_mixed,F4,NAS100,1m,IS,2023-01-01,2025-06-30,2026-10-06,is-null,research/edge/studies/02_open_unusual_days/results/step1_grid.csv
02_open_unusual_days,1,NAS100_0945_60_F4_mixed,F4,NAS100,1m,OOS,2025-07-01,2026-09-30,2026-10-06,killed,research/edge/studies/02_open_unusual_days/results/step1_grid.csv
02_open_unusual_days,1,NAS100_1005_15_F4_mixed,F4,NAS100,1m,IS,2023-01-01,2025-06-30,2026-10-06,is-null,research/edge/studies/02_open_unusual_days/results/step1_grid.csv
02_open_unusual_days,1,NAS100_1005_15_F4_mixed,F4,NAS100,1m,OOS,2025-07-01,2026-09-30,2026-10-06,killed,research/edge/studies/02_open_unusual_days/results/step1_grid.csv
02_open_unusual_days,1,NAS100_1005_30_F4_mixed,F4,NAS100,1m,IS,2023-01-01,2025-06-30,2026-10-06,is-null,research/edge/studies/02_open_unusual_days/results/step1_grid.csv
02_open_unusual_days,1,NAS100_1005_30_F4_mixed,F4,NAS100,1m,OOS,2025-07-01,2026-09-30,2026-10-06,killed,research/edge/studies/02_open_unusual_days/results/step1_grid.csv
02_open_unusual_days,1,NAS100_1005_60_F4_mixed,F4,NAS100,1m,IS,2023-01-01,2025-06-30,2026-10-06,is-null,research/edge/studies/02_open_unusual_days/results/step1_grid.csv
02_open_unusual_days,1,NAS100_1005_60_F4_mixed,F4,NAS100,1m,OOS,2025-07-01,2026-09-30,2026-10-06,killed,research/edge/studies/02_open_unusual_days/results/step1_grid.csv
02_open_unusual_days,1,NAS100_0945_15_F5_bear_at_high,F5,NAS100,1m,IS,2023-01-01,2025-06-30,2026-10-06,is-null,research/edge/studies/02_open_unusual_days/results/step1_grid.csv
02_open_unusual_days,1,NAS100_0945_15_F5_bear_at_high,F5,NAS100,1m,OOS,2025-07-01,2026-09-30,2026-10-06,killed,research/edge/studies/02_open_unusual_days/results/step1_grid.csv
02_open_unusual_days,1,NAS100_0945_30_F5_bear_at_high,F5,NAS100,1m,IS,2023-01-01,2025-06-30,2026-10-06,is-null,research/edge/studies/02_open_unusual_days/results/step1_grid.csv
02_open_unusual_days,1,NAS100_0945_30_F5_bear_at_high,F5,NAS100,1m,OOS,2025-07-01,2026-09-30,2026-10-06,killed,research/edge/studies/02_open_unusual_days/results/step1_grid.csv
02_open_unusual_days,1,NAS100_0945_60_F5_bear_at_high,F5,NAS100,1m,IS,2023-01-01,2025-06-30,2026-10-06,is-null,research/edge/studies/02_open_unusual_days/results/step1_grid.csv
02_open_unusual_days,1,NAS100_0945_60_F5_bear_at_high,F5,NAS100,1m,OOS,2025-07-01,2026-09-30,2026-10-06,killed,research/edge/studies/02_open_unusual_days/results/step1_grid.csv
02_open_unusual_days,1,NAS100_1005_15_F5_bear_at_high,F5,NAS100,1m,IS,2023-01-01,2025-06-30,2026-10-06,is-null,research/edge/studies/02_open_unusual_days/results/step1_grid.csv
02_open_unusual_days,1,NAS100_1005_15_F5_bear_at_high,F5,NAS100,1m,OOS,2025-07-01,2026-09-30,2026-10-06,killed,research/edge/studies/02_open_unusual_days/results/step1_grid.csv
02_open_unusual_days,1,NAS100_1005_30_F5_bear_at_high,F5,NAS100,1m,IS,2023-01-01,2025-06-30,2026-10-06,is-null,research/edge/studies/02_open_unusual_days/results/step1_grid.csv
02_open_unusual_days,1,NAS100_1005_30_F5_bear_at_high,F5,NAS100,1m,OOS,2025-07-01,2026-09-30,2026-10-06,killed,research/edge/studies/02_open_unusual_days/results/step1_grid.csv
02_open_unusual_days,1,NAS100_1005_60_F5_bear_at_high,F5,NAS100,1m,IS,2023-01-01,2025-06-30,2026-10-06,is-null,research/edge/studies/02_open_unusual_days/results/step1_grid.csv
02_open_unusual_days,1,NAS100_1005_60_F5_bear_at_high,F5,NAS100,1m,OOS,2025-07-01,2026-09-30,2026-10-06,killed,research/edge/studies/02_open_unusual_days/results/step1_grid.csv
02_open_unusual_days,1,NAS100_0945_15_F5_bull_at_low,F5,NAS100,1m,IS,2023-01-01,2025-06-30,2026-10-06,is-null,research/edge/studies/02_open_unusual_days/results/step1_grid.csv
02_open_unusual_days,1,NAS100_0945_15_F5_bull_at_low,F5,NAS100,1m,OOS,2025-07-01,2026-09-30,2026-10-06,killed,research/edge/studies/02_open_unusual_days/results/step1_grid.csv
02_open_unusual_days,1,NAS100_0945_30_F5_bull_at_low,F5,NAS100,1m,IS,2023-01-01,2025-06-30,2026-10-06,is-null,research/edge/studies/02_open_unusual_days/results/step1_grid.csv
02_open_unusual_days,1,NAS100_0945_30_F5_bull_at_low,F5,NAS100,1m,OOS,2025-07-01,2026-09-30,2026-10-06,killed,research/edge/studies/02_open_unusual_days/results/step1_grid.csv
02_open_unusual_days,1,NAS100_0945_60_F5_bull_at_low,F5,NAS100,1m,IS,2023-01-01,2025-06-30,2026-10-06,is-null,research/edge/studies/02_open_unusual_days/results/step1_grid.csv
02_open_unusual_days,1,NAS100_0945_60_F5_bull_at_low,F5,NAS100,1m,OOS,2025-07-01,2026-09-30,2026-10-06,killed,research/edge/studies/02_open_unusual_days/results/step1_grid.csv
02_open_unusual_days,1,NAS100_1005_15_F5_bull_at_low,F5,NAS100,1m,IS,2023-01-01,2025-06-30,2026-10-06,is-null,research/edge/studies/02_open_unusual_days/results/step1_grid.csv
02_open_unusual_days,1,NAS100_1005_15_F5_bull_at_low,F5,NAS100,1m,OOS,2025-07-01,2026-09-30,2026-10-06,killed,research/edge/studies/02_open_unusual_days/results/step1_grid.csv
02_open_unusual_days,1,NAS100_1005_30_F5_bull_at_low,F5,NAS100,1m,IS,2023-01-01,2025-06-30,2026-10-06,is-null,research/edge/studies/02_open_unusual_days/results/step1_grid.csv
02_open_unusual_days,1,NAS100_1005_30_F5_bull_at_low,F5,NAS100,1m,OOS,2025-07-01,2026-09-30,2026-10-06,killed,research/edge/studies/02_open_unusual_days/results/step1_grid.csv
02_open_unusual_days,1,NAS100_1005_60_F5_bull_at_low,F5,NAS100,1m,IS,2023-01-01,2025-06-30,2026-10-06,is-null,research/edge/studies/02_open_unusual_days/results/step1_grid.csv
02_open_unusual_days,1,NAS100_1005_60_F5_bull_at_low,F5,NAS100,1m,OOS,2025-07-01,2026-09-30,2026-10-06,killed,research/edge/studies/02_open_unusual_days/results/step1_grid.csv
02_open_unusual_days,1,NAS100_0945_15_F5_none,F5,NAS100,1m,IS,2023-01-01,2025-06-30,2026-10-06,is-null,research/edge/studies/02_open_unusual_days/results/step1_grid.csv
02_open_unusual_days,1,NAS100_0945_15_F5_none,F5,NAS100,1m,OOS,2025-07-01,2026-09-30,2026-10-06,killed,research/edge/studies/02_open_unusual_days/results/step1_grid.csv
02_open_unusual_days,1,NAS100_0945_30_F5_none,F5,NAS100,1m,IS,2023-01-01,2025-06-30,2026-10-06,is-null,research/edge/studies/02_open_unusual_days/results/step1_grid.csv
02_open_unusual_days,1,NAS100_0945_30_F5_none,F5,NAS100,1m,OOS,2025-07-01,2026-09-30,2026-10-06,killed,research/edge/studies/02_open_unusual_days/results/step1_grid.csv
02_open_unusual_days,1,NAS100_0945_60_F5_none,F5,NAS100,1m,IS,2023-01-01,2025-06-30,2026-10-06,is-null,research/edge/studies/02_open_unusual_days/results/step1_grid.csv
02_open_unusual_days,1,NAS100_0945_60_F5_none,F5,NAS100,1m,OOS,2025-07-01,2026-09-30,2026-10-06,killed,research/edge/studies/02_open_unusual_days/results/step1_grid.csv
02_open_unusual_days,1,NAS100_1005_15_F5_none,F5,NAS100,1m,IS,2023-01-01,2025-06-30,2026-10-06,is-null,research/edge/studies/02_open_unusual_days/results/step1_grid.csv
02_open_unusual_days,1,NAS100_1005_15_F5_none,F5,NAS100,1m,OOS,2025-07-01,2026-09-30,2026-10-06,killed,research/edge/studies/02_open_unusual_days/results/step1_grid.csv
02_open_unusual_days,1,NAS100_1005_30_F5_none,F5,NAS100,1m,IS,2023-01-01,2025-06-30,2026-10-06,is-null,research/edge/studies/02_open_unusual_days/results/step1_grid.csv
02_open_unusual_days,1,NAS100_1005_30_F5_none,F5,NAS100,1m,OOS,2025-07-01,2026-09-30,2026-10-06,killed,research/edge/studies/02_open_unusual_days/results/step1_grid.csv
02_open_unusual_days,1,NAS100_1005_60_F5_none,F5,NAS100,1m,IS,2023-01-01,2025-06-30,2026-10-06,is-null,research/edge/studies/02_open_unusual_days/results/step1_grid.csv
02_open_unusual_days,1,NAS100_1005_60_F5_none,F5,NAS100,1m,OOS,2025-07-01,2026-09-30,2026-10-06,killed,research/edge/studies/02_open_unusual_days/results/step1_grid.csv
02_open_unusual_days,1,NAS100_0945_15_F6_OA,F6,NAS100,1m,IS,2023-01-01,2025-06-30,2026-10-06,is-null,research/edge/studies/02_open_unusual_days/results/step1_grid.csv
02_open_unusual_days,1,NAS100_0945_15_F6_OA,F6,NAS100,1m,OOS,2025-07-01,2026-09-30,2026-10-06,killed,research/edge/studies/02_open_unusual_days/results/step1_grid.csv
02_open_unusual_days,1,NAS100_0945_30_F6_OA,F6,NAS100,1m,IS,2023-01-01,2025-06-30,2026-10-06,is-null,research/edge/studies/02_open_unusual_days/results/step1_grid.csv
02_open_unusual_days,1,NAS100_0945_30_F6_OA,F6,NAS100,1m,OOS,2025-07-01,2026-09-30,2026-10-06,killed,research/edge/studies/02_open_unusual_days/results/step1_grid.csv
02_open_unusual_days,1,NAS100_0945_60_F6_OA,F6,NAS100,1m,IS,2023-01-01,2025-06-30,2026-10-06,is-null,research/edge/studies/02_open_unusual_days/results/step1_grid.csv
02_open_unusual_days,1,NAS100_0945_60_F6_OA,F6,NAS100,1m,OOS,2025-07-01,2026-09-30,2026-10-06,killed,research/edge/studies/02_open_unusual_days/results/step1_grid.csv
02_open_unusual_days,1,NAS100_1005_15_F6_OA,F6,NAS100,1m,IS,2023-01-01,2025-06-30,2026-10-06,is-sig,research/edge/studies/02_open_unusual_days/results/step1_grid.csv
02_open_unusual_days,1,NAS100_1005_15_F6_OA,F6,NAS100,1m,OOS,2025-07-01,2026-09-30,2026-10-06,killed,research/edge/studies/02_open_unusual_days/results/step1_grid.csv
02_open_unusual_days,1,NAS100_1005_30_F6_OA,F6,NAS100,1m,IS,2023-01-01,2025-06-30,2026-10-06,is-null,research/edge/studies/02_open_unusual_days/results/step1_grid.csv
02_open_unusual_days,1,NAS100_1005_30_F6_OA,F6,NAS100,1m,OOS,2025-07-01,2026-09-30,2026-10-06,killed,research/edge/studies/02_open_unusual_days/results/step1_grid.csv
02_open_unusual_days,1,NAS100_1005_60_F6_OA,F6,NAS100,1m,IS,2023-01-01,2025-06-30,2026-10-06,is-null,research/edge/studies/02_open_unusual_days/results/step1_grid.csv
02_open_unusual_days,1,NAS100_1005_60_F6_OA,F6,NAS100,1m,OOS,2025-07-01,2026-09-30,2026-10-06,killed,research/edge/studies/02_open_unusual_days/results/step1_grid.csv
02_open_unusual_days,1,NAS100_0945_15_F6_OD_dn,F6,NAS100,1m,IS,2023-01-01,2025-06-30,2026-10-06,is-null,research/edge/studies/02_open_unusual_days/results/step1_grid.csv
02_open_unusual_days,1,NAS100_0945_15_F6_OD_dn,F6,NAS100,1m,OOS,2025-07-01,2026-09-30,2026-10-06,killed,research/edge/studies/02_open_unusual_days/results/step1_grid.csv
02_open_unusual_days,1,NAS100_0945_30_F6_OD_dn,F6,NAS100,1m,IS,2023-01-01,2025-06-30,2026-10-06,is-null,research/edge/studies/02_open_unusual_days/results/step1_grid.csv
02_open_unusual_days,1,NAS100_0945_30_F6_OD_dn,F6,NAS100,1m,OOS,2025-07-01,2026-09-30,2026-10-06,killed,research/edge/studies/02_open_unusual_days/results/step1_grid.csv
02_open_unusual_days,1,NAS100_0945_60_F6_OD_dn,F6,NAS100,1m,IS,2023-01-01,2025-06-30,2026-10-06,is-null,research/edge/studies/02_open_unusual_days/results/step1_grid.csv
02_open_unusual_days,1,NAS100_0945_60_F6_OD_dn,F6,NAS100,1m,OOS,2025-07-01,2026-09-30,2026-10-06,killed,research/edge/studies/02_open_unusual_days/results/step1_grid.csv
02_open_unusual_days,1,NAS100_1005_15_F6_OD_dn,F6,NAS100,1m,IS,2023-01-01,2025-06-30,2026-10-06,is-null,research/edge/studies/02_open_unusual_days/results/step1_grid.csv
02_open_unusual_days,1,NAS100_1005_15_F6_OD_dn,F6,NAS100,1m,OOS,2025-07-01,2026-09-30,2026-10-06,killed,research/edge/studies/02_open_unusual_days/results/step1_grid.csv
02_open_unusual_days,1,NAS100_1005_30_F6_OD_dn,F6,NAS100,1m,IS,2023-01-01,2025-06-30,2026-10-06,is-null,research/edge/studies/02_open_unusual_days/results/step1_grid.csv
02_open_unusual_days,1,NAS100_1005_30_F6_OD_dn,F6,NAS100,1m,OOS,2025-07-01,2026-09-30,2026-10-06,killed,research/edge/studies/02_open_unusual_days/results/step1_grid.csv
02_open_unusual_days,1,NAS100_1005_60_F6_OD_dn,F6,NAS100,1m,IS,2023-01-01,2025-06-30,2026-10-06,is-null,research/edge/studies/02_open_unusual_days/results/step1_grid.csv
02_open_unusual_days,1,NAS100_1005_60_F6_OD_dn,F6,NAS100,1m,OOS,2025-07-01,2026-09-30,2026-10-06,killed,research/edge/studies/02_open_unusual_days/results/step1_grid.csv
02_open_unusual_days,1,NAS100_0945_15_F6_OD_up,F6,NAS100,1m,IS,2023-01-01,2025-06-30,2026-10-06,is-null,research/edge/studies/02_open_unusual_days/results/step1_grid.csv
02_open_unusual_days,1,NAS100_0945_15_F6_OD_up,F6,NAS100,1m,OOS,2025-07-01,2026-09-30,2026-10-06,killed,research/edge/studies/02_open_unusual_days/results/step1_grid.csv
02_open_unusual_days,1,NAS100_0945_30_F6_OD_up,F6,NAS100,1m,IS,2023-01-01,2025-06-30,2026-10-06,is-null,research/edge/studies/02_open_unusual_days/results/step1_grid.csv
02_open_unusual_days,1,NAS100_0945_30_F6_OD_up,F6,NAS100,1m,OOS,2025-07-01,2026-09-30,2026-10-06,killed,research/edge/studies/02_open_unusual_days/results/step1_grid.csv
02_open_unusual_days,1,NAS100_0945_60_F6_OD_up,F6,NAS100,1m,IS,2023-01-01,2025-06-30,2026-10-06,is-null,research/edge/studies/02_open_unusual_days/results/step1_grid.csv
02_open_unusual_days,1,NAS100_0945_60_F6_OD_up,F6,NAS100,1m,OOS,2025-07-01,2026-09-30,2026-10-06,killed,research/edge/studies/02_open_unusual_days/results/step1_grid.csv
02_open_unusual_days,1,NAS100_1005_15_F6_OD_up,F6,NAS100,1m,IS,2023-01-01,2025-06-30,2026-10-06,is-null,research/edge/studies/02_open_unusual_days/results/step1_grid.csv
02_open_unusual_days,1,NAS100_1005_15_F6_OD_up,F6,NAS100,1m,OOS,2025-07-01,2026-09-30,2026-10-06,killed,research/edge/studies/02_open_unusual_days/results/step1_grid.csv
02_open_unusual_days,1,NAS100_1005_30_F6_OD_up,F6,NAS100,1m,IS,2023-01-01,2025-06-30,2026-10-06,is-null,research/edge/studies/02_open_unusual_days/results/step1_grid.csv
02_open_unusual_days,1,NAS100_1005_30_F6_OD_up,F6,NAS100,1m,OOS,2025-07-01,2026-09-30,2026-10-06,killed,research/edge/studies/02_open_unusual_days/results/step1_grid.csv
02_open_unusual_days,1,NAS100_1005_60_F6_OD_up,F6,NAS100,1m,IS,2023-01-01,2025-06-30,2026-10-06,is-null,research/edge/studies/02_open_unusual_days/results/step1_grid.csv
02_open_unusual_days,1,NAS100_1005_60_F6_OD_up,F6,NAS100,1m,OOS,2025-07-01,2026-09-30,2026-10-06,killed,research/edge/studies/02_open_unusual_days/results/step1_grid.csv
02_open_unusual_days,1,NAS100_0945_15_F6_ORR_dn,F6,NAS100,1m,IS,2023-01-01,2025-06-30,2026-10-06,is-null,research/edge/studies/02_open_unusual_days/results/step1_grid.csv
02_open_unusual_days,1,NAS100_0945_15_F6_ORR_dn,F6,NAS100,1m,OOS,2025-07-01,2026-09-30,2026-10-06,killed,research/edge/studies/02_open_unusual_days/results/step1_grid.csv
02_open_unusual_days,1,NAS100_0945_30_F6_ORR_dn,F6,NAS100,1m,IS,2023-01-01,2025-06-30,2026-10-06,is-sig,research/edge/studies/02_open_unusual_days/results/step1_grid.csv
02_open_unusual_days,1,NAS100_0945_30_F6_ORR_dn,F6,NAS100,1m,OOS,2025-07-01,2026-09-30,2026-10-06,killed,research/edge/studies/02_open_unusual_days/results/step1_grid.csv
02_open_unusual_days,1,NAS100_0945_60_F6_ORR_dn,F6,NAS100,1m,IS,2023-01-01,2025-06-30,2026-10-06,is-sig,research/edge/studies/02_open_unusual_days/results/step1_grid.csv
02_open_unusual_days,1,NAS100_0945_60_F6_ORR_dn,F6,NAS100,1m,OOS,2025-07-01,2026-09-30,2026-10-06,killed,research/edge/studies/02_open_unusual_days/results/step1_grid.csv
02_open_unusual_days,1,NAS100_1005_15_F6_ORR_dn,F6,NAS100,1m,IS,2023-01-01,2025-06-30,2026-10-06,is-null,research/edge/studies/02_open_unusual_days/results/step1_grid.csv
02_open_unusual_days,1,NAS100_1005_15_F6_ORR_dn,F6,NAS100,1m,OOS,2025-07-01,2026-09-30,2026-10-06,killed,research/edge/studies/02_open_unusual_days/results/step1_grid.csv
02_open_unusual_days,1,NAS100_1005_30_F6_ORR_dn,F6,NAS100,1m,IS,2023-01-01,2025-06-30,2026-10-06,is-null,research/edge/studies/02_open_unusual_days/results/step1_grid.csv
02_open_unusual_days,1,NAS100_1005_30_F6_ORR_dn,F6,NAS100,1m,OOS,2025-07-01,2026-09-30,2026-10-06,killed,research/edge/studies/02_open_unusual_days/results/step1_grid.csv
02_open_unusual_days,1,NAS100_1005_60_F6_ORR_dn,F6,NAS100,1m,IS,2023-01-01,2025-06-30,2026-10-06,is-null,research/edge/studies/02_open_unusual_days/results/step1_grid.csv
02_open_unusual_days,1,NAS100_1005_60_F6_ORR_dn,F6,NAS100,1m,OOS,2025-07-01,2026-09-30,2026-10-06,killed,research/edge/studies/02_open_unusual_days/results/step1_grid.csv
02_open_unusual_days,1,NAS100_0945_15_F6_ORR_up,F6,NAS100,1m,IS,2023-01-01,2025-06-30,2026-10-06,is-null,research/edge/studies/02_open_unusual_days/results/step1_grid.csv
02_open_unusual_days,1,NAS100_0945_15_F6_ORR_up,F6,NAS100,1m,OOS,2025-07-01,2026-09-30,2026-10-06,killed,research/edge/studies/02_open_unusual_days/results/step1_grid.csv
02_open_unusual_days,1,NAS100_0945_30_F6_ORR_up,F6,NAS100,1m,IS,2023-01-01,2025-06-30,2026-10-06,is-null,research/edge/studies/02_open_unusual_days/results/step1_grid.csv
02_open_unusual_days,1,NAS100_0945_30_F6_ORR_up,F6,NAS100,1m,OOS,2025-07-01,2026-09-30,2026-10-06,killed,research/edge/studies/02_open_unusual_days/results/step1_grid.csv
02_open_unusual_days,1,NAS100_0945_60_F6_ORR_up,F6,NAS100,1m,IS,2023-01-01,2025-06-30,2026-10-06,is-null,research/edge/studies/02_open_unusual_days/results/step1_grid.csv
02_open_unusual_days,1,NAS100_0945_60_F6_ORR_up,F6,NAS100,1m,OOS,2025-07-01,2026-09-30,2026-10-06,killed,research/edge/studies/02_open_unusual_days/results/step1_grid.csv
02_open_unusual_days,1,NAS100_1005_15_F6_ORR_up,F6,NAS100,1m,IS,2023-01-01,2025-06-30,2026-10-06,is-null,research/edge/studies/02_open_unusual_days/results/step1_grid.csv
02_open_unusual_days,1,NAS100_1005_15_F6_ORR_up,F6,NAS100,1m,OOS,2025-07-01,2026-09-30,2026-10-06,killed,research/edge/studies/02_open_unusual_days/results/step1_grid.csv
02_open_unusual_days,1,NAS100_1005_30_F6_ORR_up,F6,NAS100,1m,IS,2023-01-01,2025-06-30,2026-10-06,is-null,research/edge/studies/02_open_unusual_days/results/step1_grid.csv
02_open_unusual_days,1,NAS100_1005_30_F6_ORR_up,F6,NAS100,1m,OOS,2025-07-01,2026-09-30,2026-10-06,killed,research/edge/studies/02_open_unusual_days/results/step1_grid.csv
02_open_unusual_days,1,NAS100_1005_60_F6_ORR_up,F6,NAS100,1m,IS,2023-01-01,2025-06-30,2026-10-06,is-null,research/edge/studies/02_open_unusual_days/results/step1_grid.csv
02_open_unusual_days,1,NAS100_1005_60_F6_ORR_up,F6,NAS100,1m,OOS,2025-07-01,2026-09-30,2026-10-06,killed,research/edge/studies/02_open_unusual_days/results/step1_grid.csv
02_open_unusual_days,1,NAS100_0945_15_F6_OTD_dn,F6,NAS100,1m,IS,2023-01-01,2025-06-30,2026-10-06,is-sig,research/edge/studies/02_open_unusual_days/results/step1_grid.csv
02_open_unusual_days,1,NAS100_0945_15_F6_OTD_dn,F6,NAS100,1m,OOS,2025-07-01,2026-09-30,2026-10-06,killed,research/edge/studies/02_open_unusual_days/results/step1_grid.csv
02_open_unusual_days,1,NAS100_0945_30_F6_OTD_dn,F6,NAS100,1m,IS,2023-01-01,2025-06-30,2026-10-06,is-null,research/edge/studies/02_open_unusual_days/results/step1_grid.csv
02_open_unusual_days,1,NAS100_0945_30_F6_OTD_dn,F6,NAS100,1m,OOS,2025-07-01,2026-09-30,2026-10-06,killed,research/edge/studies/02_open_unusual_days/results/step1_grid.csv
02_open_unusual_days,1,NAS100_0945_60_F6_OTD_dn,F6,NAS100,1m,IS,2023-01-01,2025-06-30,2026-10-06,is-sig,research/edge/studies/02_open_unusual_days/results/step1_grid.csv
02_open_unusual_days,1,NAS100_0945_60_F6_OTD_dn,F6,NAS100,1m,OOS,2025-07-01,2026-09-30,2026-10-06,killed,research/edge/studies/02_open_unusual_days/results/step1_grid.csv
02_open_unusual_days,1,NAS100_1005_15_F6_OTD_dn,F6,NAS100,1m,IS,2023-01-01,2025-06-30,2026-10-06,is-null,research/edge/studies/02_open_unusual_days/results/step1_grid.csv
02_open_unusual_days,1,NAS100_1005_15_F6_OTD_dn,F6,NAS100,1m,OOS,2025-07-01,2026-09-30,2026-10-06,killed,research/edge/studies/02_open_unusual_days/results/step1_grid.csv
02_open_unusual_days,1,NAS100_1005_30_F6_OTD_dn,F6,NAS100,1m,IS,2023-01-01,2025-06-30,2026-10-06,is-null,research/edge/studies/02_open_unusual_days/results/step1_grid.csv
02_open_unusual_days,1,NAS100_1005_30_F6_OTD_dn,F6,NAS100,1m,OOS,2025-07-01,2026-09-30,2026-10-06,killed,research/edge/studies/02_open_unusual_days/results/step1_grid.csv
02_open_unusual_days,1,NAS100_1005_60_F6_OTD_dn,F6,NAS100,1m,IS,2023-01-01,2025-06-30,2026-10-06,is-sig,research/edge/studies/02_open_unusual_days/results/step1_grid.csv
02_open_unusual_days,1,NAS100_1005_60_F6_OTD_dn,F6,NAS100,1m,OOS,2025-07-01,2026-09-30,2026-10-06,killed,research/edge/studies/02_open_unusual_days/results/step1_grid.csv
02_open_unusual_days,1,NAS100_0945_15_F6_OTD_up,F6,NAS100,1m,IS,2023-01-01,2025-06-30,2026-10-06,is-null,research/edge/studies/02_open_unusual_days/results/step1_grid.csv
02_open_unusual_days,1,NAS100_0945_15_F6_OTD_up,F6,NAS100,1m,OOS,2025-07-01,2026-09-30,2026-10-06,killed,research/edge/studies/02_open_unusual_days/results/step1_grid.csv
02_open_unusual_days,1,NAS100_0945_30_F6_OTD_up,F6,NAS100,1m,IS,2023-01-01,2025-06-30,2026-10-06,is-null,research/edge/studies/02_open_unusual_days/results/step1_grid.csv
02_open_unusual_days,1,NAS100_0945_30_F6_OTD_up,F6,NAS100,1m,OOS,2025-07-01,2026-09-30,2026-10-06,killed,research/edge/studies/02_open_unusual_days/results/step1_grid.csv
02_open_unusual_days,1,NAS100_0945_60_F6_OTD_up,F6,NAS100,1m,IS,2023-01-01,2025-06-30,2026-10-06,is-null,research/edge/studies/02_open_unusual_days/results/step1_grid.csv
02_open_unusual_days,1,NAS100_0945_60_F6_OTD_up,F6,NAS100,1m,OOS,2025-07-01,2026-09-30,2026-10-06,killed,research/edge/studies/02_open_unusual_days/results/step1_grid.csv
02_open_unusual_days,1,NAS100_1005_15_F6_OTD_up,F6,NAS100,1m,IS,2023-01-01,2025-06-30,2026-10-06,is-null,research/edge/studies/02_open_unusual_days/results/step1_grid.csv
02_open_unusual_days,1,NAS100_1005_15_F6_OTD_up,F6,NAS100,1m,OOS,2025-07-01,2026-09-30,2026-10-06,killed,research/edge/studies/02_open_unusual_days/results/step1_grid.csv
02_open_unusual_days,1,NAS100_1005_30_F6_OTD_up,F6,NAS100,1m,IS,2023-01-01,2025-06-30,2026-10-06,is-null,research/edge/studies/02_open_unusual_days/results/step1_grid.csv
02_open_unusual_days,1,NAS100_1005_30_F6_OTD_up,F6,NAS100,1m,OOS,2025-07-01,2026-09-30,2026-10-06,killed,research/edge/studies/02_open_unusual_days/results/step1_grid.csv
02_open_unusual_days,1,NAS100_1005_60_F6_OTD_up,F6,NAS100,1m,IS,2023-01-01,2025-06-30,2026-10-06,is-null,research/edge/studies/02_open_unusual_days/results/step1_grid.csv
02_open_unusual_days,1,NAS100_1005_60_F6_OTD_up,F6,NAS100,1m,OOS,2025-07-01,2026-09-30,2026-10-06,killed,research/edge/studies/02_open_unusual_days/results/step1_grid.csv
02_open_unusual_days,1,NAS100_0945_15_F6_unclassified,F6,NAS100,1m,IS,2023-01-01,2025-06-30,2026-10-06,is-null,research/edge/studies/02_open_unusual_days/results/step1_grid.csv
02_open_unusual_days,1,NAS100_0945_15_F6_unclassified,F6,NAS100,1m,OOS,2025-07-01,2026-09-30,2026-10-06,killed,research/edge/studies/02_open_unusual_days/results/step1_grid.csv
02_open_unusual_days,1,NAS100_0945_30_F6_unclassified,F6,NAS100,1m,IS,2023-01-01,2025-06-30,2026-10-06,is-null,research/edge/studies/02_open_unusual_days/results/step1_grid.csv
02_open_unusual_days,1,NAS100_0945_30_F6_unclassified,F6,NAS100,1m,OOS,2025-07-01,2026-09-30,2026-10-06,killed,research/edge/studies/02_open_unusual_days/results/step1_grid.csv
02_open_unusual_days,1,NAS100_0945_60_F6_unclassified,F6,NAS100,1m,IS,2023-01-01,2025-06-30,2026-10-06,is-null,research/edge/studies/02_open_unusual_days/results/step1_grid.csv
02_open_unusual_days,1,NAS100_0945_60_F6_unclassified,F6,NAS100,1m,OOS,2025-07-01,2026-09-30,2026-10-06,killed,research/edge/studies/02_open_unusual_days/results/step1_grid.csv
02_open_unusual_days,1,NAS100_1005_15_F6_unclassified,F6,NAS100,1m,IS,2023-01-01,2025-06-30,2026-10-06,is-null,research/edge/studies/02_open_unusual_days/results/step1_grid.csv
02_open_unusual_days,1,NAS100_1005_15_F6_unclassified,F6,NAS100,1m,OOS,2025-07-01,2026-09-30,2026-10-06,killed,research/edge/studies/02_open_unusual_days/results/step1_grid.csv
02_open_unusual_days,1,NAS100_1005_30_F6_unclassified,F6,NAS100,1m,IS,2023-01-01,2025-06-30,2026-10-06,is-null,research/edge/studies/02_open_unusual_days/results/step1_grid.csv
02_open_unusual_days,1,NAS100_1005_30_F6_unclassified,F6,NAS100,1m,OOS,2025-07-01,2026-09-30,2026-10-06,killed,research/edge/studies/02_open_unusual_days/results/step1_grid.csv
02_open_unusual_days,1,NAS100_1005_60_F6_unclassified,F6,NAS100,1m,IS,2023-01-01,2025-06-30,2026-10-06,is-null,research/edge/studies/02_open_unusual_days/results/step1_grid.csv
02_open_unusual_days,1,NAS100_1005_60_F6_unclassified,F6,NAS100,1m,OOS,2025-07-01,2026-09-30,2026-10-06,killed,research/edge/studies/02_open_unusual_days/results/step1_grid.csv
02_open_unusual_days,1,US500_0945_15_F1_above_VAH,F1,US500,1m,IS,2023-01-01,2025-06-30,2026-10-06,is-null,research/edge/studies/02_open_unusual_days/results/step1_grid.csv
02_open_unusual_days,1,US500_0945_15_F1_above_VAH,F1,US500,1m,OOS,2025-07-01,2026-09-30,2026-10-06,killed,research/edge/studies/02_open_unusual_days/results/step1_grid.csv
02_open_unusual_days,1,US500_0945_30_F1_above_VAH,F1,US500,1m,IS,2023-01-01,2025-06-30,2026-10-06,is-null,research/edge/studies/02_open_unusual_days/results/step1_grid.csv
02_open_unusual_days,1,US500_0945_30_F1_above_VAH,F1,US500,1m,OOS,2025-07-01,2026-09-30,2026-10-06,killed,research/edge/studies/02_open_unusual_days/results/step1_grid.csv
02_open_unusual_days,1,US500_0945_60_F1_above_VAH,F1,US500,1m,IS,2023-01-01,2025-06-30,2026-10-06,is-null,research/edge/studies/02_open_unusual_days/results/step1_grid.csv
02_open_unusual_days,1,US500_0945_60_F1_above_VAH,F1,US500,1m,OOS,2025-07-01,2026-09-30,2026-10-06,killed,research/edge/studies/02_open_unusual_days/results/step1_grid.csv
02_open_unusual_days,1,US500_1005_15_F1_above_VAH,F1,US500,1m,IS,2023-01-01,2025-06-30,2026-10-06,is-null,research/edge/studies/02_open_unusual_days/results/step1_grid.csv
02_open_unusual_days,1,US500_1005_15_F1_above_VAH,F1,US500,1m,OOS,2025-07-01,2026-09-30,2026-10-06,killed,research/edge/studies/02_open_unusual_days/results/step1_grid.csv
02_open_unusual_days,1,US500_1005_30_F1_above_VAH,F1,US500,1m,IS,2023-01-01,2025-06-30,2026-10-06,is-null,research/edge/studies/02_open_unusual_days/results/step1_grid.csv
02_open_unusual_days,1,US500_1005_30_F1_above_VAH,F1,US500,1m,OOS,2025-07-01,2026-09-30,2026-10-06,killed,research/edge/studies/02_open_unusual_days/results/step1_grid.csv
02_open_unusual_days,1,US500_1005_60_F1_above_VAH,F1,US500,1m,IS,2023-01-01,2025-06-30,2026-10-06,is-null,research/edge/studies/02_open_unusual_days/results/step1_grid.csv
02_open_unusual_days,1,US500_1005_60_F1_above_VAH,F1,US500,1m,OOS,2025-07-01,2026-09-30,2026-10-06,killed,research/edge/studies/02_open_unusual_days/results/step1_grid.csv
02_open_unusual_days,1,US500_0945_15_F1_below_VAL,F1,US500,1m,IS,2023-01-01,2025-06-30,2026-10-06,is-null,research/edge/studies/02_open_unusual_days/results/step1_grid.csv
02_open_unusual_days,1,US500_0945_15_F1_below_VAL,F1,US500,1m,OOS,2025-07-01,2026-09-30,2026-10-06,killed,research/edge/studies/02_open_unusual_days/results/step1_grid.csv
02_open_unusual_days,1,US500_0945_30_F1_below_VAL,F1,US500,1m,IS,2023-01-01,2025-06-30,2026-10-06,is-null,research/edge/studies/02_open_unusual_days/results/step1_grid.csv
02_open_unusual_days,1,US500_0945_30_F1_below_VAL,F1,US500,1m,OOS,2025-07-01,2026-09-30,2026-10-06,killed,research/edge/studies/02_open_unusual_days/results/step1_grid.csv
02_open_unusual_days,1,US500_0945_60_F1_below_VAL,F1,US500,1m,IS,2023-01-01,2025-06-30,2026-10-06,is-null,research/edge/studies/02_open_unusual_days/results/step1_grid.csv
02_open_unusual_days,1,US500_0945_60_F1_below_VAL,F1,US500,1m,OOS,2025-07-01,2026-09-30,2026-10-06,killed,research/edge/studies/02_open_unusual_days/results/step1_grid.csv
02_open_unusual_days,1,US500_1005_15_F1_below_VAL,F1,US500,1m,IS,2023-01-01,2025-06-30,2026-10-06,is-null,research/edge/studies/02_open_unusual_days/results/step1_grid.csv
02_open_unusual_days,1,US500_1005_15_F1_below_VAL,F1,US500,1m,OOS,2025-07-01,2026-09-30,2026-10-06,killed,research/edge/studies/02_open_unusual_days/results/step1_grid.csv
02_open_unusual_days,1,US500_1005_30_F1_below_VAL,F1,US500,1m,IS,2023-01-01,2025-06-30,2026-10-06,is-null,research/edge/studies/02_open_unusual_days/results/step1_grid.csv
02_open_unusual_days,1,US500_1005_30_F1_below_VAL,F1,US500,1m,OOS,2025-07-01,2026-09-30,2026-10-06,killed,research/edge/studies/02_open_unusual_days/results/step1_grid.csv
02_open_unusual_days,1,US500_1005_60_F1_below_VAL,F1,US500,1m,IS,2023-01-01,2025-06-30,2026-10-06,is-null,research/edge/studies/02_open_unusual_days/results/step1_grid.csv
02_open_unusual_days,1,US500_1005_60_F1_below_VAL,F1,US500,1m,OOS,2025-07-01,2026-09-30,2026-10-06,killed,research/edge/studies/02_open_unusual_days/results/step1_grid.csv
02_open_unusual_days,1,US500_0945_15_F1_inside,F1,US500,1m,IS,2023-01-01,2025-06-30,2026-10-06,is-null,research/edge/studies/02_open_unusual_days/results/step1_grid.csv
02_open_unusual_days,1,US500_0945_15_F1_inside,F1,US500,1m,OOS,2025-07-01,2026-09-30,2026-10-06,killed,research/edge/studies/02_open_unusual_days/results/step1_grid.csv
02_open_unusual_days,1,US500_0945_30_F1_inside,F1,US500,1m,IS,2023-01-01,2025-06-30,2026-10-06,is-null,research/edge/studies/02_open_unusual_days/results/step1_grid.csv
02_open_unusual_days,1,US500_0945_30_F1_inside,F1,US500,1m,OOS,2025-07-01,2026-09-30,2026-10-06,killed,research/edge/studies/02_open_unusual_days/results/step1_grid.csv
02_open_unusual_days,1,US500_0945_60_F1_inside,F1,US500,1m,IS,2023-01-01,2025-06-30,2026-10-06,is-null,research/edge/studies/02_open_unusual_days/results/step1_grid.csv
02_open_unusual_days,1,US500_0945_60_F1_inside,F1,US500,1m,OOS,2025-07-01,2026-09-30,2026-10-06,killed,research/edge/studies/02_open_unusual_days/results/step1_grid.csv
02_open_unusual_days,1,US500_1005_15_F1_inside,F1,US500,1m,IS,2023-01-01,2025-06-30,2026-10-06,is-null,research/edge/studies/02_open_unusual_days/results/step1_grid.csv
02_open_unusual_days,1,US500_1005_15_F1_inside,F1,US500,1m,OOS,2025-07-01,2026-09-30,2026-10-06,killed,research/edge/studies/02_open_unusual_days/results/step1_grid.csv
02_open_unusual_days,1,US500_1005_30_F1_inside,F1,US500,1m,IS,2023-01-01,2025-06-30,2026-10-06,is-null,research/edge/studies/02_open_unusual_days/results/step1_grid.csv
02_open_unusual_days,1,US500_1005_30_F1_inside,F1,US500,1m,OOS,2025-07-01,2026-09-30,2026-10-06,killed,research/edge/studies/02_open_unusual_days/results/step1_grid.csv
02_open_unusual_days,1,US500_1005_60_F1_inside,F1,US500,1m,IS,2023-01-01,2025-06-30,2026-10-06,is-null,research/edge/studies/02_open_unusual_days/results/step1_grid.csv
02_open_unusual_days,1,US500_1005_60_F1_inside,F1,US500,1m,OOS,2025-07-01,2026-09-30,2026-10-06,killed,research/edge/studies/02_open_unusual_days/results/step1_grid.csv
02_open_unusual_days,1,US500_0945_15_F2_-0.25..0.25,F2,US500,1m,IS,2023-01-01,2025-06-30,2026-10-06,is-null,research/edge/studies/02_open_unusual_days/results/step1_grid.csv
02_open_unusual_days,1,US500_0945_15_F2_-0.25..0.25,F2,US500,1m,OOS,2025-07-01,2026-09-30,2026-10-06,killed,research/edge/studies/02_open_unusual_days/results/step1_grid.csv
02_open_unusual_days,1,US500_0945_30_F2_-0.25..0.25,F2,US500,1m,IS,2023-01-01,2025-06-30,2026-10-06,is-null,research/edge/studies/02_open_unusual_days/results/step1_grid.csv
02_open_unusual_days,1,US500_0945_30_F2_-0.25..0.25,F2,US500,1m,OOS,2025-07-01,2026-09-30,2026-10-06,killed,research/edge/studies/02_open_unusual_days/results/step1_grid.csv
02_open_unusual_days,1,US500_0945_60_F2_-0.25..0.25,F2,US500,1m,IS,2023-01-01,2025-06-30,2026-10-06,is-null,research/edge/studies/02_open_unusual_days/results/step1_grid.csv
02_open_unusual_days,1,US500_0945_60_F2_-0.25..0.25,F2,US500,1m,OOS,2025-07-01,2026-09-30,2026-10-06,killed,research/edge/studies/02_open_unusual_days/results/step1_grid.csv
02_open_unusual_days,1,US500_1005_15_F2_-0.25..0.25,F2,US500,1m,IS,2023-01-01,2025-06-30,2026-10-06,is-sig,research/edge/studies/02_open_unusual_days/results/step1_grid.csv
02_open_unusual_days,1,US500_1005_15_F2_-0.25..0.25,F2,US500,1m,OOS,2025-07-01,2026-09-30,2026-10-06,killed,research/edge/studies/02_open_unusual_days/results/step1_grid.csv
02_open_unusual_days,1,US500_1005_30_F2_-0.25..0.25,F2,US500,1m,IS,2023-01-01,2025-06-30,2026-10-06,is-null,research/edge/studies/02_open_unusual_days/results/step1_grid.csv
02_open_unusual_days,1,US500_1005_30_F2_-0.25..0.25,F2,US500,1m,OOS,2025-07-01,2026-09-30,2026-10-06,killed,research/edge/studies/02_open_unusual_days/results/step1_grid.csv
02_open_unusual_days,1,US500_1005_60_F2_-0.25..0.25,F2,US500,1m,IS,2023-01-01,2025-06-30,2026-10-06,is-null,research/edge/studies/02_open_unusual_days/results/step1_grid.csv
02_open_unusual_days,1,US500_1005_60_F2_-0.25..0.25,F2,US500,1m,OOS,2025-07-01,2026-09-30,2026-10-06,killed,research/edge/studies/02_open_unusual_days/results/step1_grid.csv
02_open_unusual_days,1,US500_0945_15_F2_-1..-0.25,F2,US500,1m,IS,2023-01-01,2025-06-30,2026-10-06,is-null,research/edge/studies/02_open_unusual_days/results/step1_grid.csv
02_open_unusual_days,1,US500_0945_15_F2_-1..-0.25,F2,US500,1m,OOS,2025-07-01,2026-09-30,2026-10-06,killed,research/edge/studies/02_open_unusual_days/results/step1_grid.csv
02_open_unusual_days,1,US500_0945_30_F2_-1..-0.25,F2,US500,1m,IS,2023-01-01,2025-06-30,2026-10-06,is-null,research/edge/studies/02_open_unusual_days/results/step1_grid.csv
02_open_unusual_days,1,US500_0945_30_F2_-1..-0.25,F2,US500,1m,OOS,2025-07-01,2026-09-30,2026-10-06,killed,research/edge/studies/02_open_unusual_days/results/step1_grid.csv
02_open_unusual_days,1,US500_0945_60_F2_-1..-0.25,F2,US500,1m,IS,2023-01-01,2025-06-30,2026-10-06,is-null,research/edge/studies/02_open_unusual_days/results/step1_grid.csv
02_open_unusual_days,1,US500_0945_60_F2_-1..-0.25,F2,US500,1m,OOS,2025-07-01,2026-09-30,2026-10-06,killed,research/edge/studies/02_open_unusual_days/results/step1_grid.csv
02_open_unusual_days,1,US500_1005_15_F2_-1..-0.25,F2,US500,1m,IS,2023-01-01,2025-06-30,2026-10-06,is-null,research/edge/studies/02_open_unusual_days/results/step1_grid.csv
02_open_unusual_days,1,US500_1005_15_F2_-1..-0.25,F2,US500,1m,OOS,2025-07-01,2026-09-30,2026-10-06,killed,research/edge/studies/02_open_unusual_days/results/step1_grid.csv
02_open_unusual_days,1,US500_1005_30_F2_-1..-0.25,F2,US500,1m,IS,2023-01-01,2025-06-30,2026-10-06,is-null,research/edge/studies/02_open_unusual_days/results/step1_grid.csv
02_open_unusual_days,1,US500_1005_30_F2_-1..-0.25,F2,US500,1m,OOS,2025-07-01,2026-09-30,2026-10-06,killed,research/edge/studies/02_open_unusual_days/results/step1_grid.csv
02_open_unusual_days,1,US500_1005_60_F2_-1..-0.25,F2,US500,1m,IS,2023-01-01,2025-06-30,2026-10-06,is-null,research/edge/studies/02_open_unusual_days/results/step1_grid.csv
02_open_unusual_days,1,US500_1005_60_F2_-1..-0.25,F2,US500,1m,OOS,2025-07-01,2026-09-30,2026-10-06,killed,research/edge/studies/02_open_unusual_days/results/step1_grid.csv
02_open_unusual_days,1,US500_0945_15_F2_0.25..1,F2,US500,1m,IS,2023-01-01,2025-06-30,2026-10-06,is-null,research/edge/studies/02_open_unusual_days/results/step1_grid.csv
02_open_unusual_days,1,US500_0945_15_F2_0.25..1,F2,US500,1m,OOS,2025-07-01,2026-09-30,2026-10-06,killed,research/edge/studies/02_open_unusual_days/results/step1_grid.csv
02_open_unusual_days,1,US500_0945_30_F2_0.25..1,F2,US500,1m,IS,2023-01-01,2025-06-30,2026-10-06,is-null,research/edge/studies/02_open_unusual_days/results/step1_grid.csv
02_open_unusual_days,1,US500_0945_30_F2_0.25..1,F2,US500,1m,OOS,2025-07-01,2026-09-30,2026-10-06,killed,research/edge/studies/02_open_unusual_days/results/step1_grid.csv
02_open_unusual_days,1,US500_0945_60_F2_0.25..1,F2,US500,1m,IS,2023-01-01,2025-06-30,2026-10-06,is-null,research/edge/studies/02_open_unusual_days/results/step1_grid.csv
02_open_unusual_days,1,US500_0945_60_F2_0.25..1,F2,US500,1m,OOS,2025-07-01,2026-09-30,2026-10-06,killed,research/edge/studies/02_open_unusual_days/results/step1_grid.csv
02_open_unusual_days,1,US500_1005_15_F2_0.25..1,F2,US500,1m,IS,2023-01-01,2025-06-30,2026-10-06,is-null,research/edge/studies/02_open_unusual_days/results/step1_grid.csv
02_open_unusual_days,1,US500_1005_15_F2_0.25..1,F2,US500,1m,OOS,2025-07-01,2026-09-30,2026-10-06,killed,research/edge/studies/02_open_unusual_days/results/step1_grid.csv
02_open_unusual_days,1,US500_1005_30_F2_0.25..1,F2,US500,1m,IS,2023-01-01,2025-06-30,2026-10-06,is-null,research/edge/studies/02_open_unusual_days/results/step1_grid.csv
02_open_unusual_days,1,US500_1005_30_F2_0.25..1,F2,US500,1m,OOS,2025-07-01,2026-09-30,2026-10-06,killed,research/edge/studies/02_open_unusual_days/results/step1_grid.csv
02_open_unusual_days,1,US500_1005_60_F2_0.25..1,F2,US500,1m,IS,2023-01-01,2025-06-30,2026-10-06,is-null,research/edge/studies/02_open_unusual_days/results/step1_grid.csv
02_open_unusual_days,1,US500_1005_60_F2_0.25..1,F2,US500,1m,OOS,2025-07-01,2026-09-30,2026-10-06,killed,research/edge/studies/02_open_unusual_days/results/step1_grid.csv
02_open_unusual_days,1,US500_0945_15_F2__-1,F2,US500,1m,IS,2023-01-01,2025-06-30,2026-10-06,is-null,research/edge/studies/02_open_unusual_days/results/step1_grid.csv
02_open_unusual_days,1,US500_0945_15_F2__-1,F2,US500,1m,OOS,2025-07-01,2026-09-30,2026-10-06,killed,research/edge/studies/02_open_unusual_days/results/step1_grid.csv
02_open_unusual_days,1,US500_0945_30_F2__-1,F2,US500,1m,IS,2023-01-01,2025-06-30,2026-10-06,is-null,research/edge/studies/02_open_unusual_days/results/step1_grid.csv
02_open_unusual_days,1,US500_0945_30_F2__-1,F2,US500,1m,OOS,2025-07-01,2026-09-30,2026-10-06,killed,research/edge/studies/02_open_unusual_days/results/step1_grid.csv
02_open_unusual_days,1,US500_0945_60_F2__-1,F2,US500,1m,IS,2023-01-01,2025-06-30,2026-10-06,is-null,research/edge/studies/02_open_unusual_days/results/step1_grid.csv
02_open_unusual_days,1,US500_0945_60_F2__-1,F2,US500,1m,OOS,2025-07-01,2026-09-30,2026-10-06,killed,research/edge/studies/02_open_unusual_days/results/step1_grid.csv
02_open_unusual_days,1,US500_1005_15_F2__-1,F2,US500,1m,IS,2023-01-01,2025-06-30,2026-10-06,is-null,research/edge/studies/02_open_unusual_days/results/step1_grid.csv
02_open_unusual_days,1,US500_1005_15_F2__-1,F2,US500,1m,OOS,2025-07-01,2026-09-30,2026-10-06,killed,research/edge/studies/02_open_unusual_days/results/step1_grid.csv
02_open_unusual_days,1,US500_1005_30_F2__-1,F2,US500,1m,IS,2023-01-01,2025-06-30,2026-10-06,is-null,research/edge/studies/02_open_unusual_days/results/step1_grid.csv
02_open_unusual_days,1,US500_1005_30_F2__-1,F2,US500,1m,OOS,2025-07-01,2026-09-30,2026-10-06,killed,research/edge/studies/02_open_unusual_days/results/step1_grid.csv
02_open_unusual_days,1,US500_1005_60_F2__-1,F2,US500,1m,IS,2023-01-01,2025-06-30,2026-10-06,is-null,research/edge/studies/02_open_unusual_days/results/step1_grid.csv
02_open_unusual_days,1,US500_1005_60_F2__-1,F2,US500,1m,OOS,2025-07-01,2026-09-30,2026-10-06,killed,research/edge/studies/02_open_unusual_days/results/step1_grid.csv
02_open_unusual_days,1,US500_0945_15_F2__1,F2,US500,1m,IS,2023-01-01,2025-06-30,2026-10-06,is-null,research/edge/studies/02_open_unusual_days/results/step1_grid.csv
02_open_unusual_days,1,US500_0945_15_F2__1,F2,US500,1m,OOS,2025-07-01,2026-09-30,2026-10-06,killed,research/edge/studies/02_open_unusual_days/results/step1_grid.csv
02_open_unusual_days,1,US500_0945_30_F2__1,F2,US500,1m,IS,2023-01-01,2025-06-30,2026-10-06,is-null,research/edge/studies/02_open_unusual_days/results/step1_grid.csv
02_open_unusual_days,1,US500_0945_30_F2__1,F2,US500,1m,OOS,2025-07-01,2026-09-30,2026-10-06,killed,research/edge/studies/02_open_unusual_days/results/step1_grid.csv
02_open_unusual_days,1,US500_0945_60_F2__1,F2,US500,1m,IS,2023-01-01,2025-06-30,2026-10-06,is-null,research/edge/studies/02_open_unusual_days/results/step1_grid.csv
02_open_unusual_days,1,US500_0945_60_F2__1,F2,US500,1m,OOS,2025-07-01,2026-09-30,2026-10-06,killed,research/edge/studies/02_open_unusual_days/results/step1_grid.csv
02_open_unusual_days,1,US500_1005_15_F2__1,F2,US500,1m,IS,2023-01-01,2025-06-30,2026-10-06,is-null,research/edge/studies/02_open_unusual_days/results/step1_grid.csv
02_open_unusual_days,1,US500_1005_15_F2__1,F2,US500,1m,OOS,2025-07-01,2026-09-30,2026-10-06,killed,research/edge/studies/02_open_unusual_days/results/step1_grid.csv
02_open_unusual_days,1,US500_1005_30_F2__1,F2,US500,1m,IS,2023-01-01,2025-06-30,2026-10-06,is-null,research/edge/studies/02_open_unusual_days/results/step1_grid.csv
02_open_unusual_days,1,US500_1005_30_F2__1,F2,US500,1m,OOS,2025-07-01,2026-09-30,2026-10-06,killed,research/edge/studies/02_open_unusual_days/results/step1_grid.csv
02_open_unusual_days,1,US500_1005_60_F2__1,F2,US500,1m,IS,2023-01-01,2025-06-30,2026-10-06,is-null,research/edge/studies/02_open_unusual_days/results/step1_grid.csv
02_open_unusual_days,1,US500_1005_60_F2__1,F2,US500,1m,OOS,2025-07-01,2026-09-30,2026-10-06,killed,research/edge/studies/02_open_unusual_days/results/step1_grid.csv
02_open_unusual_days,1,US500_0945_15_F3_hi_dn,F3,US500,1m,IS,2023-01-01,2025-06-30,2026-10-06,is-null,research/edge/studies/02_open_unusual_days/results/step1_grid.csv
02_open_unusual_days,1,US500_0945_15_F3_hi_dn,F3,US500,1m,OOS,2025-07-01,2026-09-30,2026-10-06,killed,research/edge/studies/02_open_unusual_days/results/step1_grid.csv
02_open_unusual_days,1,US500_0945_30_F3_hi_dn,F3,US500,1m,IS,2023-01-01,2025-06-30,2026-10-06,is-null,research/edge/studies/02_open_unusual_days/results/step1_grid.csv
02_open_unusual_days,1,US500_0945_30_F3_hi_dn,F3,US500,1m,OOS,2025-07-01,2026-09-30,2026-10-06,killed,research/edge/studies/02_open_unusual_days/results/step1_grid.csv
02_open_unusual_days,1,US500_0945_60_F3_hi_dn,F3,US500,1m,IS,2023-01-01,2025-06-30,2026-10-06,is-null,research/edge/studies/02_open_unusual_days/results/step1_grid.csv
02_open_unusual_days,1,US500_0945_60_F3_hi_dn,F3,US500,1m,OOS,2025-07-01,2026-09-30,2026-10-06,killed,research/edge/studies/02_open_unusual_days/results/step1_grid.csv
02_open_unusual_days,1,US500_1005_15_F3_hi_dn,F3,US500,1m,IS,2023-01-01,2025-06-30,2026-10-06,is-null,research/edge/studies/02_open_unusual_days/results/step1_grid.csv
02_open_unusual_days,1,US500_1005_15_F3_hi_dn,F3,US500,1m,OOS,2025-07-01,2026-09-30,2026-10-06,killed,research/edge/studies/02_open_unusual_days/results/step1_grid.csv
02_open_unusual_days,1,US500_1005_30_F3_hi_dn,F3,US500,1m,IS,2023-01-01,2025-06-30,2026-10-06,is-null,research/edge/studies/02_open_unusual_days/results/step1_grid.csv
02_open_unusual_days,1,US500_1005_30_F3_hi_dn,F3,US500,1m,OOS,2025-07-01,2026-09-30,2026-10-06,killed,research/edge/studies/02_open_unusual_days/results/step1_grid.csv
02_open_unusual_days,1,US500_1005_60_F3_hi_dn,F3,US500,1m,IS,2023-01-01,2025-06-30,2026-10-06,is-null,research/edge/studies/02_open_unusual_days/results/step1_grid.csv
02_open_unusual_days,1,US500_1005_60_F3_hi_dn,F3,US500,1m,OOS,2025-07-01,2026-09-30,2026-10-06,killed,research/edge/studies/02_open_unusual_days/results/step1_grid.csv
02_open_unusual_days,1,US500_0945_15_F3_hi_up,F3,US500,1m,IS,2023-01-01,2025-06-30,2026-10-06,is-null,research/edge/studies/02_open_unusual_days/results/step1_grid.csv
02_open_unusual_days,1,US500_0945_15_F3_hi_up,F3,US500,1m,OOS,2025-07-01,2026-09-30,2026-10-06,killed,research/edge/studies/02_open_unusual_days/results/step1_grid.csv
02_open_unusual_days,1,US500_0945_30_F3_hi_up,F3,US500,1m,IS,2023-01-01,2025-06-30,2026-10-06,is-null,research/edge/studies/02_open_unusual_days/results/step1_grid.csv
02_open_unusual_days,1,US500_0945_30_F3_hi_up,F3,US500,1m,OOS,2025-07-01,2026-09-30,2026-10-06,killed,research/edge/studies/02_open_unusual_days/results/step1_grid.csv
02_open_unusual_days,1,US500_0945_60_F3_hi_up,F3,US500,1m,IS,2023-01-01,2025-06-30,2026-10-06,is-null,research/edge/studies/02_open_unusual_days/results/step1_grid.csv
02_open_unusual_days,1,US500_0945_60_F3_hi_up,F3,US500,1m,OOS,2025-07-01,2026-09-30,2026-10-06,killed,research/edge/studies/02_open_unusual_days/results/step1_grid.csv
02_open_unusual_days,1,US500_1005_15_F3_hi_up,F3,US500,1m,IS,2023-01-01,2025-06-30,2026-10-06,is-null,research/edge/studies/02_open_unusual_days/results/step1_grid.csv
02_open_unusual_days,1,US500_1005_15_F3_hi_up,F3,US500,1m,OOS,2025-07-01,2026-09-30,2026-10-06,killed,research/edge/studies/02_open_unusual_days/results/step1_grid.csv
02_open_unusual_days,1,US500_1005_30_F3_hi_up,F3,US500,1m,IS,2023-01-01,2025-06-30,2026-10-06,is-null,research/edge/studies/02_open_unusual_days/results/step1_grid.csv
02_open_unusual_days,1,US500_1005_30_F3_hi_up,F3,US500,1m,OOS,2025-07-01,2026-09-30,2026-10-06,killed,research/edge/studies/02_open_unusual_days/results/step1_grid.csv
02_open_unusual_days,1,US500_1005_60_F3_hi_up,F3,US500,1m,IS,2023-01-01,2025-06-30,2026-10-06,is-null,research/edge/studies/02_open_unusual_days/results/step1_grid.csv
02_open_unusual_days,1,US500_1005_60_F3_hi_up,F3,US500,1m,OOS,2025-07-01,2026-09-30,2026-10-06,killed,research/edge/studies/02_open_unusual_days/results/step1_grid.csv
02_open_unusual_days,1,US500_0945_15_F3_lo_dn,F3,US500,1m,IS,2023-01-01,2025-06-30,2026-10-06,is-null,research/edge/studies/02_open_unusual_days/results/step1_grid.csv
02_open_unusual_days,1,US500_0945_15_F3_lo_dn,F3,US500,1m,OOS,2025-07-01,2026-09-30,2026-10-06,killed,research/edge/studies/02_open_unusual_days/results/step1_grid.csv
02_open_unusual_days,1,US500_0945_30_F3_lo_dn,F3,US500,1m,IS,2023-01-01,2025-06-30,2026-10-06,is-null,research/edge/studies/02_open_unusual_days/results/step1_grid.csv
02_open_unusual_days,1,US500_0945_30_F3_lo_dn,F3,US500,1m,OOS,2025-07-01,2026-09-30,2026-10-06,killed,research/edge/studies/02_open_unusual_days/results/step1_grid.csv
02_open_unusual_days,1,US500_0945_60_F3_lo_dn,F3,US500,1m,IS,2023-01-01,2025-06-30,2026-10-06,is-null,research/edge/studies/02_open_unusual_days/results/step1_grid.csv
02_open_unusual_days,1,US500_0945_60_F3_lo_dn,F3,US500,1m,OOS,2025-07-01,2026-09-30,2026-10-06,killed,research/edge/studies/02_open_unusual_days/results/step1_grid.csv
02_open_unusual_days,1,US500_1005_15_F3_lo_dn,F3,US500,1m,IS,2023-01-01,2025-06-30,2026-10-06,is-null,research/edge/studies/02_open_unusual_days/results/step1_grid.csv
02_open_unusual_days,1,US500_1005_15_F3_lo_dn,F3,US500,1m,OOS,2025-07-01,2026-09-30,2026-10-06,killed,research/edge/studies/02_open_unusual_days/results/step1_grid.csv
02_open_unusual_days,1,US500_1005_30_F3_lo_dn,F3,US500,1m,IS,2023-01-01,2025-06-30,2026-10-06,is-null,research/edge/studies/02_open_unusual_days/results/step1_grid.csv
02_open_unusual_days,1,US500_1005_30_F3_lo_dn,F3,US500,1m,OOS,2025-07-01,2026-09-30,2026-10-06,killed,research/edge/studies/02_open_unusual_days/results/step1_grid.csv
02_open_unusual_days,1,US500_1005_60_F3_lo_dn,F3,US500,1m,IS,2023-01-01,2025-06-30,2026-10-06,is-null,research/edge/studies/02_open_unusual_days/results/step1_grid.csv
02_open_unusual_days,1,US500_1005_60_F3_lo_dn,F3,US500,1m,OOS,2025-07-01,2026-09-30,2026-10-06,killed,research/edge/studies/02_open_unusual_days/results/step1_grid.csv
02_open_unusual_days,1,US500_0945_15_F3_lo_up,F3,US500,1m,IS,2023-01-01,2025-06-30,2026-10-06,is-null,research/edge/studies/02_open_unusual_days/results/step1_grid.csv
02_open_unusual_days,1,US500_0945_15_F3_lo_up,F3,US500,1m,OOS,2025-07-01,2026-09-30,2026-10-06,killed,research/edge/studies/02_open_unusual_days/results/step1_grid.csv
02_open_unusual_days,1,US500_0945_30_F3_lo_up,F3,US500,1m,IS,2023-01-01,2025-06-30,2026-10-06,is-null,research/edge/studies/02_open_unusual_days/results/step1_grid.csv
02_open_unusual_days,1,US500_0945_30_F3_lo_up,F3,US500,1m,OOS,2025-07-01,2026-09-30,2026-10-06,killed,research/edge/studies/02_open_unusual_days/results/step1_grid.csv
02_open_unusual_days,1,US500_0945_60_F3_lo_up,F3,US500,1m,IS,2023-01-01,2025-06-30,2026-10-06,is-null,research/edge/studies/02_open_unusual_days/results/step1_grid.csv
02_open_unusual_days,1,US500_0945_60_F3_lo_up,F3,US500,1m,OOS,2025-07-01,2026-09-30,2026-10-06,killed,research/edge/studies/02_open_unusual_days/results/step1_grid.csv
02_open_unusual_days,1,US500_1005_15_F3_lo_up,F3,US500,1m,IS,2023-01-01,2025-06-30,2026-10-06,is-null,research/edge/studies/02_open_unusual_days/results/step1_grid.csv
02_open_unusual_days,1,US500_1005_15_F3_lo_up,F3,US500,1m,OOS,2025-07-01,2026-09-30,2026-10-06,killed,research/edge/studies/02_open_unusual_days/results/step1_grid.csv
02_open_unusual_days,1,US500_1005_30_F3_lo_up,F3,US500,1m,IS,2023-01-01,2025-06-30,2026-10-06,is-null,research/edge/studies/02_open_unusual_days/results/step1_grid.csv
02_open_unusual_days,1,US500_1005_30_F3_lo_up,F3,US500,1m,OOS,2025-07-01,2026-09-30,2026-10-06,killed,research/edge/studies/02_open_unusual_days/results/step1_grid.csv
02_open_unusual_days,1,US500_1005_60_F3_lo_up,F3,US500,1m,IS,2023-01-01,2025-06-30,2026-10-06,is-null,research/edge/studies/02_open_unusual_days/results/step1_grid.csv
02_open_unusual_days,1,US500_1005_60_F3_lo_up,F3,US500,1m,OOS,2025-07-01,2026-09-30,2026-10-06,killed,research/edge/studies/02_open_unusual_days/results/step1_grid.csv
02_open_unusual_days,1,US500_0945_15_F3_mid_dn,F3,US500,1m,IS,2023-01-01,2025-06-30,2026-10-06,is-null,research/edge/studies/02_open_unusual_days/results/step1_grid.csv
02_open_unusual_days,1,US500_0945_15_F3_mid_dn,F3,US500,1m,OOS,2025-07-01,2026-09-30,2026-10-06,killed,research/edge/studies/02_open_unusual_days/results/step1_grid.csv
02_open_unusual_days,1,US500_0945_30_F3_mid_dn,F3,US500,1m,IS,2023-01-01,2025-06-30,2026-10-06,is-null,research/edge/studies/02_open_unusual_days/results/step1_grid.csv
02_open_unusual_days,1,US500_0945_30_F3_mid_dn,F3,US500,1m,OOS,2025-07-01,2026-09-30,2026-10-06,killed,research/edge/studies/02_open_unusual_days/results/step1_grid.csv
02_open_unusual_days,1,US500_0945_60_F3_mid_dn,F3,US500,1m,IS,2023-01-01,2025-06-30,2026-10-06,is-null,research/edge/studies/02_open_unusual_days/results/step1_grid.csv
02_open_unusual_days,1,US500_0945_60_F3_mid_dn,F3,US500,1m,OOS,2025-07-01,2026-09-30,2026-10-06,killed,research/edge/studies/02_open_unusual_days/results/step1_grid.csv
02_open_unusual_days,1,US500_1005_15_F3_mid_dn,F3,US500,1m,IS,2023-01-01,2025-06-30,2026-10-06,is-null,research/edge/studies/02_open_unusual_days/results/step1_grid.csv
02_open_unusual_days,1,US500_1005_15_F3_mid_dn,F3,US500,1m,OOS,2025-07-01,2026-09-30,2026-10-06,killed,research/edge/studies/02_open_unusual_days/results/step1_grid.csv
02_open_unusual_days,1,US500_1005_30_F3_mid_dn,F3,US500,1m,IS,2023-01-01,2025-06-30,2026-10-06,is-null,research/edge/studies/02_open_unusual_days/results/step1_grid.csv
02_open_unusual_days,1,US500_1005_30_F3_mid_dn,F3,US500,1m,OOS,2025-07-01,2026-09-30,2026-10-06,killed,research/edge/studies/02_open_unusual_days/results/step1_grid.csv
02_open_unusual_days,1,US500_1005_60_F3_mid_dn,F3,US500,1m,IS,2023-01-01,2025-06-30,2026-10-06,is-null,research/edge/studies/02_open_unusual_days/results/step1_grid.csv
02_open_unusual_days,1,US500_1005_60_F3_mid_dn,F3,US500,1m,OOS,2025-07-01,2026-09-30,2026-10-06,killed,research/edge/studies/02_open_unusual_days/results/step1_grid.csv
02_open_unusual_days,1,US500_0945_15_F3_mid_up,F3,US500,1m,IS,2023-01-01,2025-06-30,2026-10-06,is-null,research/edge/studies/02_open_unusual_days/results/step1_grid.csv
02_open_unusual_days,1,US500_0945_15_F3_mid_up,F3,US500,1m,OOS,2025-07-01,2026-09-30,2026-10-06,killed,research/edge/studies/02_open_unusual_days/results/step1_grid.csv
02_open_unusual_days,1,US500_0945_30_F3_mid_up,F3,US500,1m,IS,2023-01-01,2025-06-30,2026-10-06,is-null,research/edge/studies/02_open_unusual_days/results/step1_grid.csv
02_open_unusual_days,1,US500_0945_30_F3_mid_up,F3,US500,1m,OOS,2025-07-01,2026-09-30,2026-10-06,killed,research/edge/studies/02_open_unusual_days/results/step1_grid.csv
02_open_unusual_days,1,US500_0945_60_F3_mid_up,F3,US500,1m,IS,2023-01-01,2025-06-30,2026-10-06,is-null,research/edge/studies/02_open_unusual_days/results/step1_grid.csv
02_open_unusual_days,1,US500_0945_60_F3_mid_up,F3,US500,1m,OOS,2025-07-01,2026-09-30,2026-10-06,killed,research/edge/studies/02_open_unusual_days/results/step1_grid.csv
02_open_unusual_days,1,US500_1005_15_F3_mid_up,F3,US500,1m,IS,2023-01-01,2025-06-30,2026-10-06,is-null,research/edge/studies/02_open_unusual_days/results/step1_grid.csv
02_open_unusual_days,1,US500_1005_15_F3_mid_up,F3,US500,1m,OOS,2025-07-01,2026-09-30,2026-10-06,killed,research/edge/studies/02_open_unusual_days/results/step1_grid.csv
02_open_unusual_days,1,US500_1005_30_F3_mid_up,F3,US500,1m,IS,2023-01-01,2025-06-30,2026-10-06,is-null,research/edge/studies/02_open_unusual_days/results/step1_grid.csv
02_open_unusual_days,1,US500_1005_30_F3_mid_up,F3,US500,1m,OOS,2025-07-01,2026-09-30,2026-10-06,killed,research/edge/studies/02_open_unusual_days/results/step1_grid.csv
02_open_unusual_days,1,US500_1005_60_F3_mid_up,F3,US500,1m,IS,2023-01-01,2025-06-30,2026-10-06,is-null,research/edge/studies/02_open_unusual_days/results/step1_grid.csv
02_open_unusual_days,1,US500_1005_60_F3_mid_up,F3,US500,1m,OOS,2025-07-01,2026-09-30,2026-10-06,killed,research/edge/studies/02_open_unusual_days/results/step1_grid.csv
02_open_unusual_days,1,US500_0945_15_F4_all_above,F4,US500,1m,IS,2023-01-01,2025-06-30,2026-10-06,is-null,research/edge/studies/02_open_unusual_days/results/step1_grid.csv
02_open_unusual_days,1,US500_0945_15_F4_all_above,F4,US500,1m,OOS,2025-07-01,2026-09-30,2026-10-06,killed,research/edge/studies/02_open_unusual_days/results/step1_grid.csv
02_open_unusual_days,1,US500_0945_30_F4_all_above,F4,US500,1m,IS,2023-01-01,2025-06-30,2026-10-06,is-null,research/edge/studies/02_open_unusual_days/results/step1_grid.csv
02_open_unusual_days,1,US500_0945_30_F4_all_above,F4,US500,1m,OOS,2025-07-01,2026-09-30,2026-10-06,killed,research/edge/studies/02_open_unusual_days/results/step1_grid.csv
02_open_unusual_days,1,US500_0945_60_F4_all_above,F4,US500,1m,IS,2023-01-01,2025-06-30,2026-10-06,is-null,research/edge/studies/02_open_unusual_days/results/step1_grid.csv
02_open_unusual_days,1,US500_0945_60_F4_all_above,F4,US500,1m,OOS,2025-07-01,2026-09-30,2026-10-06,killed,research/edge/studies/02_open_unusual_days/results/step1_grid.csv
02_open_unusual_days,1,US500_1005_15_F4_all_above,F4,US500,1m,IS,2023-01-01,2025-06-30,2026-10-06,is-null,research/edge/studies/02_open_unusual_days/results/step1_grid.csv
02_open_unusual_days,1,US500_1005_15_F4_all_above,F4,US500,1m,OOS,2025-07-01,2026-09-30,2026-10-06,killed,research/edge/studies/02_open_unusual_days/results/step1_grid.csv
02_open_unusual_days,1,US500_1005_30_F4_all_above,F4,US500,1m,IS,2023-01-01,2025-06-30,2026-10-06,is-null,research/edge/studies/02_open_unusual_days/results/step1_grid.csv
02_open_unusual_days,1,US500_1005_30_F4_all_above,F4,US500,1m,OOS,2025-07-01,2026-09-30,2026-10-06,killed,research/edge/studies/02_open_unusual_days/results/step1_grid.csv
02_open_unusual_days,1,US500_1005_60_F4_all_above,F4,US500,1m,IS,2023-01-01,2025-06-30,2026-10-06,is-null,research/edge/studies/02_open_unusual_days/results/step1_grid.csv
02_open_unusual_days,1,US500_1005_60_F4_all_above,F4,US500,1m,OOS,2025-07-01,2026-09-30,2026-10-06,killed,research/edge/studies/02_open_unusual_days/results/step1_grid.csv
02_open_unusual_days,1,US500_0945_15_F4_all_below,F4,US500,1m,IS,2023-01-01,2025-06-30,2026-10-06,is-null,research/edge/studies/02_open_unusual_days/results/step1_grid.csv
02_open_unusual_days,1,US500_0945_15_F4_all_below,F4,US500,1m,OOS,2025-07-01,2026-09-30,2026-10-06,killed,research/edge/studies/02_open_unusual_days/results/step1_grid.csv
02_open_unusual_days,1,US500_0945_30_F4_all_below,F4,US500,1m,IS,2023-01-01,2025-06-30,2026-10-06,is-null,research/edge/studies/02_open_unusual_days/results/step1_grid.csv
02_open_unusual_days,1,US500_0945_30_F4_all_below,F4,US500,1m,OOS,2025-07-01,2026-09-30,2026-10-06,killed,research/edge/studies/02_open_unusual_days/results/step1_grid.csv
02_open_unusual_days,1,US500_0945_60_F4_all_below,F4,US500,1m,IS,2023-01-01,2025-06-30,2026-10-06,is-null,research/edge/studies/02_open_unusual_days/results/step1_grid.csv
02_open_unusual_days,1,US500_0945_60_F4_all_below,F4,US500,1m,OOS,2025-07-01,2026-09-30,2026-10-06,killed,research/edge/studies/02_open_unusual_days/results/step1_grid.csv
02_open_unusual_days,1,US500_1005_15_F4_all_below,F4,US500,1m,IS,2023-01-01,2025-06-30,2026-10-06,is-null,research/edge/studies/02_open_unusual_days/results/step1_grid.csv
02_open_unusual_days,1,US500_1005_15_F4_all_below,F4,US500,1m,OOS,2025-07-01,2026-09-30,2026-10-06,killed,research/edge/studies/02_open_unusual_days/results/step1_grid.csv
02_open_unusual_days,1,US500_1005_30_F4_all_below,F4,US500,1m,IS,2023-01-01,2025-06-30,2026-10-06,is-null,research/edge/studies/02_open_unusual_days/results/step1_grid.csv
02_open_unusual_days,1,US500_1005_30_F4_all_below,F4,US500,1m,OOS,2025-07-01,2026-09-30,2026-10-06,killed,research/edge/studies/02_open_unusual_days/results/step1_grid.csv
02_open_unusual_days,1,US500_1005_60_F4_all_below,F4,US500,1m,IS,2023-01-01,2025-06-30,2026-10-06,is-null,research/edge/studies/02_open_unusual_days/results/step1_grid.csv
02_open_unusual_days,1,US500_1005_60_F4_all_below,F4,US500,1m,OOS,2025-07-01,2026-09-30,2026-10-06,killed,research/edge/studies/02_open_unusual_days/results/step1_grid.csv
02_open_unusual_days,1,US500_0945_15_F4_mixed,F4,US500,1m,IS,2023-01-01,2025-06-30,2026-10-06,is-null,research/edge/studies/02_open_unusual_days/results/step1_grid.csv
02_open_unusual_days,1,US500_0945_15_F4_mixed,F4,US500,1m,OOS,2025-07-01,2026-09-30,2026-10-06,killed,research/edge/studies/02_open_unusual_days/results/step1_grid.csv
02_open_unusual_days,1,US500_0945_30_F4_mixed,F4,US500,1m,IS,2023-01-01,2025-06-30,2026-10-06,is-null,research/edge/studies/02_open_unusual_days/results/step1_grid.csv
02_open_unusual_days,1,US500_0945_30_F4_mixed,F4,US500,1m,OOS,2025-07-01,2026-09-30,2026-10-06,killed,research/edge/studies/02_open_unusual_days/results/step1_grid.csv
02_open_unusual_days,1,US500_0945_60_F4_mixed,F4,US500,1m,IS,2023-01-01,2025-06-30,2026-10-06,is-null,research/edge/studies/02_open_unusual_days/results/step1_grid.csv
02_open_unusual_days,1,US500_0945_60_F4_mixed,F4,US500,1m,OOS,2025-07-01,2026-09-30,2026-10-06,killed,research/edge/studies/02_open_unusual_days/results/step1_grid.csv
02_open_unusual_days,1,US500_1005_15_F4_mixed,F4,US500,1m,IS,2023-01-01,2025-06-30,2026-10-06,is-null,research/edge/studies/02_open_unusual_days/results/step1_grid.csv
02_open_unusual_days,1,US500_1005_15_F4_mixed,F4,US500,1m,OOS,2025-07-01,2026-09-30,2026-10-06,killed,research/edge/studies/02_open_unusual_days/results/step1_grid.csv
02_open_unusual_days,1,US500_1005_30_F4_mixed,F4,US500,1m,IS,2023-01-01,2025-06-30,2026-10-06,is-null,research/edge/studies/02_open_unusual_days/results/step1_grid.csv
02_open_unusual_days,1,US500_1005_30_F4_mixed,F4,US500,1m,OOS,2025-07-01,2026-09-30,2026-10-06,killed,research/edge/studies/02_open_unusual_days/results/step1_grid.csv
02_open_unusual_days,1,US500_1005_60_F4_mixed,F4,US500,1m,IS,2023-01-01,2025-06-30,2026-10-06,is-null,research/edge/studies/02_open_unusual_days/results/step1_grid.csv
02_open_unusual_days,1,US500_1005_60_F4_mixed,F4,US500,1m,OOS,2025-07-01,2026-09-30,2026-10-06,killed,research/edge/studies/02_open_unusual_days/results/step1_grid.csv
02_open_unusual_days,1,US500_0945_15_F5_bear_at_high,F5,US500,1m,IS,2023-01-01,2025-06-30,2026-10-06,is-null,research/edge/studies/02_open_unusual_days/results/step1_grid.csv
02_open_unusual_days,1,US500_0945_15_F5_bear_at_high,F5,US500,1m,OOS,2025-07-01,2026-09-30,2026-10-06,killed,research/edge/studies/02_open_unusual_days/results/step1_grid.csv
02_open_unusual_days,1,US500_0945_30_F5_bear_at_high,F5,US500,1m,IS,2023-01-01,2025-06-30,2026-10-06,is-sig,research/edge/studies/02_open_unusual_days/results/step1_grid.csv
02_open_unusual_days,1,US500_0945_30_F5_bear_at_high,F5,US500,1m,OOS,2025-07-01,2026-09-30,2026-10-06,killed,research/edge/studies/02_open_unusual_days/results/step1_grid.csv
02_open_unusual_days,1,US500_0945_60_F5_bear_at_high,F5,US500,1m,IS,2023-01-01,2025-06-30,2026-10-06,is-null,research/edge/studies/02_open_unusual_days/results/step1_grid.csv
02_open_unusual_days,1,US500_0945_60_F5_bear_at_high,F5,US500,1m,OOS,2025-07-01,2026-09-30,2026-10-06,killed,research/edge/studies/02_open_unusual_days/results/step1_grid.csv
02_open_unusual_days,1,US500_1005_15_F5_bear_at_high,F5,US500,1m,IS,2023-01-01,2025-06-30,2026-10-06,is-null,research/edge/studies/02_open_unusual_days/results/step1_grid.csv
02_open_unusual_days,1,US500_1005_15_F5_bear_at_high,F5,US500,1m,OOS,2025-07-01,2026-09-30,2026-10-06,killed,research/edge/studies/02_open_unusual_days/results/step1_grid.csv
02_open_unusual_days,1,US500_1005_30_F5_bear_at_high,F5,US500,1m,IS,2023-01-01,2025-06-30,2026-10-06,is-null,research/edge/studies/02_open_unusual_days/results/step1_grid.csv
02_open_unusual_days,1,US500_1005_30_F5_bear_at_high,F5,US500,1m,OOS,2025-07-01,2026-09-30,2026-10-06,killed,research/edge/studies/02_open_unusual_days/results/step1_grid.csv
02_open_unusual_days,1,US500_1005_60_F5_bear_at_high,F5,US500,1m,IS,2023-01-01,2025-06-30,2026-10-06,is-null,research/edge/studies/02_open_unusual_days/results/step1_grid.csv
02_open_unusual_days,1,US500_1005_60_F5_bear_at_high,F5,US500,1m,OOS,2025-07-01,2026-09-30,2026-10-06,killed,research/edge/studies/02_open_unusual_days/results/step1_grid.csv
02_open_unusual_days,1,US500_0945_15_F5_bull_at_low,F5,US500,1m,IS,2023-01-01,2025-06-30,2026-10-06,is-null,research/edge/studies/02_open_unusual_days/results/step1_grid.csv
02_open_unusual_days,1,US500_0945_15_F5_bull_at_low,F5,US500,1m,OOS,2025-07-01,2026-09-30,2026-10-06,killed,research/edge/studies/02_open_unusual_days/results/step1_grid.csv
02_open_unusual_days,1,US500_0945_30_F5_bull_at_low,F5,US500,1m,IS,2023-01-01,2025-06-30,2026-10-06,is-null,research/edge/studies/02_open_unusual_days/results/step1_grid.csv
02_open_unusual_days,1,US500_0945_30_F5_bull_at_low,F5,US500,1m,OOS,2025-07-01,2026-09-30,2026-10-06,killed,research/edge/studies/02_open_unusual_days/results/step1_grid.csv
02_open_unusual_days,1,US500_0945_60_F5_bull_at_low,F5,US500,1m,IS,2023-01-01,2025-06-30,2026-10-06,is-null,research/edge/studies/02_open_unusual_days/results/step1_grid.csv
02_open_unusual_days,1,US500_0945_60_F5_bull_at_low,F5,US500,1m,OOS,2025-07-01,2026-09-30,2026-10-06,killed,research/edge/studies/02_open_unusual_days/results/step1_grid.csv
02_open_unusual_days,1,US500_1005_15_F5_bull_at_low,F5,US500,1m,IS,2023-01-01,2025-06-30,2026-10-06,is-null,research/edge/studies/02_open_unusual_days/results/step1_grid.csv
02_open_unusual_days,1,US500_1005_15_F5_bull_at_low,F5,US500,1m,OOS,2025-07-01,2026-09-30,2026-10-06,killed,research/edge/studies/02_open_unusual_days/results/step1_grid.csv
02_open_unusual_days,1,US500_1005_30_F5_bull_at_low,F5,US500,1m,IS,2023-01-01,2025-06-30,2026-10-06,is-null,research/edge/studies/02_open_unusual_days/results/step1_grid.csv
02_open_unusual_days,1,US500_1005_30_F5_bull_at_low,F5,US500,1m,OOS,2025-07-01,2026-09-30,2026-10-06,killed,research/edge/studies/02_open_unusual_days/results/step1_grid.csv
02_open_unusual_days,1,US500_1005_60_F5_bull_at_low,F5,US500,1m,IS,2023-01-01,2025-06-30,2026-10-06,is-null,research/edge/studies/02_open_unusual_days/results/step1_grid.csv
02_open_unusual_days,1,US500_1005_60_F5_bull_at_low,F5,US500,1m,OOS,2025-07-01,2026-09-30,2026-10-06,killed,research/edge/studies/02_open_unusual_days/results/step1_grid.csv
02_open_unusual_days,1,US500_0945_15_F5_none,F5,US500,1m,IS,2023-01-01,2025-06-30,2026-10-06,is-null,research/edge/studies/02_open_unusual_days/results/step1_grid.csv
02_open_unusual_days,1,US500_0945_15_F5_none,F5,US500,1m,OOS,2025-07-01,2026-09-30,2026-10-06,killed,research/edge/studies/02_open_unusual_days/results/step1_grid.csv
02_open_unusual_days,1,US500_0945_30_F5_none,F5,US500,1m,IS,2023-01-01,2025-06-30,2026-10-06,is-null,research/edge/studies/02_open_unusual_days/results/step1_grid.csv
02_open_unusual_days,1,US500_0945_30_F5_none,F5,US500,1m,OOS,2025-07-01,2026-09-30,2026-10-06,killed,research/edge/studies/02_open_unusual_days/results/step1_grid.csv
02_open_unusual_days,1,US500_0945_60_F5_none,F5,US500,1m,IS,2023-01-01,2025-06-30,2026-10-06,is-null,research/edge/studies/02_open_unusual_days/results/step1_grid.csv
02_open_unusual_days,1,US500_0945_60_F5_none,F5,US500,1m,OOS,2025-07-01,2026-09-30,2026-10-06,killed,research/edge/studies/02_open_unusual_days/results/step1_grid.csv
02_open_unusual_days,1,US500_1005_15_F5_none,F5,US500,1m,IS,2023-01-01,2025-06-30,2026-10-06,is-null,research/edge/studies/02_open_unusual_days/results/step1_grid.csv
02_open_unusual_days,1,US500_1005_15_F5_none,F5,US500,1m,OOS,2025-07-01,2026-09-30,2026-10-06,killed,research/edge/studies/02_open_unusual_days/results/step1_grid.csv
02_open_unusual_days,1,US500_1005_30_F5_none,F5,US500,1m,IS,2023-01-01,2025-06-30,2026-10-06,is-null,research/edge/studies/02_open_unusual_days/results/step1_grid.csv
02_open_unusual_days,1,US500_1005_30_F5_none,F5,US500,1m,OOS,2025-07-01,2026-09-30,2026-10-06,killed,research/edge/studies/02_open_unusual_days/results/step1_grid.csv
02_open_unusual_days,1,US500_1005_60_F5_none,F5,US500,1m,IS,2023-01-01,2025-06-30,2026-10-06,is-null,research/edge/studies/02_open_unusual_days/results/step1_grid.csv
02_open_unusual_days,1,US500_1005_60_F5_none,F5,US500,1m,OOS,2025-07-01,2026-09-30,2026-10-06,killed,research/edge/studies/02_open_unusual_days/results/step1_grid.csv
02_open_unusual_days,1,US500_0945_15_F6_OA,F6,US500,1m,IS,2023-01-01,2025-06-30,2026-10-06,is-null,research/edge/studies/02_open_unusual_days/results/step1_grid.csv
02_open_unusual_days,1,US500_0945_15_F6_OA,F6,US500,1m,OOS,2025-07-01,2026-09-30,2026-10-06,killed,research/edge/studies/02_open_unusual_days/results/step1_grid.csv
02_open_unusual_days,1,US500_0945_30_F6_OA,F6,US500,1m,IS,2023-01-01,2025-06-30,2026-10-06,is-null,research/edge/studies/02_open_unusual_days/results/step1_grid.csv
02_open_unusual_days,1,US500_0945_30_F6_OA,F6,US500,1m,OOS,2025-07-01,2026-09-30,2026-10-06,killed,research/edge/studies/02_open_unusual_days/results/step1_grid.csv
02_open_unusual_days,1,US500_0945_60_F6_OA,F6,US500,1m,IS,2023-01-01,2025-06-30,2026-10-06,is-null,research/edge/studies/02_open_unusual_days/results/step1_grid.csv
02_open_unusual_days,1,US500_0945_60_F6_OA,F6,US500,1m,OOS,2025-07-01,2026-09-30,2026-10-06,killed,research/edge/studies/02_open_unusual_days/results/step1_grid.csv
02_open_unusual_days,1,US500_1005_15_F6_OA,F6,US500,1m,IS,2023-01-01,2025-06-30,2026-10-06,is-null,research/edge/studies/02_open_unusual_days/results/step1_grid.csv
02_open_unusual_days,1,US500_1005_15_F6_OA,F6,US500,1m,OOS,2025-07-01,2026-09-30,2026-10-06,killed,research/edge/studies/02_open_unusual_days/results/step1_grid.csv
02_open_unusual_days,1,US500_1005_30_F6_OA,F6,US500,1m,IS,2023-01-01,2025-06-30,2026-10-06,is-null,research/edge/studies/02_open_unusual_days/results/step1_grid.csv
02_open_unusual_days,1,US500_1005_30_F6_OA,F6,US500,1m,OOS,2025-07-01,2026-09-30,2026-10-06,killed,research/edge/studies/02_open_unusual_days/results/step1_grid.csv
02_open_unusual_days,1,US500_1005_60_F6_OA,F6,US500,1m,IS,2023-01-01,2025-06-30,2026-10-06,is-null,research/edge/studies/02_open_unusual_days/results/step1_grid.csv
02_open_unusual_days,1,US500_1005_60_F6_OA,F6,US500,1m,OOS,2025-07-01,2026-09-30,2026-10-06,killed,research/edge/studies/02_open_unusual_days/results/step1_grid.csv
02_open_unusual_days,1,US500_0945_15_F6_OD_dn,F6,US500,1m,IS,2023-01-01,2025-06-30,2026-10-06,is-null,research/edge/studies/02_open_unusual_days/results/step1_grid.csv
02_open_unusual_days,1,US500_0945_15_F6_OD_dn,F6,US500,1m,OOS,2025-07-01,2026-09-30,2026-10-06,killed,research/edge/studies/02_open_unusual_days/results/step1_grid.csv
02_open_unusual_days,1,US500_0945_30_F6_OD_dn,F6,US500,1m,IS,2023-01-01,2025-06-30,2026-10-06,is-null,research/edge/studies/02_open_unusual_days/results/step1_grid.csv
02_open_unusual_days,1,US500_0945_30_F6_OD_dn,F6,US500,1m,OOS,2025-07-01,2026-09-30,2026-10-06,killed,research/edge/studies/02_open_unusual_days/results/step1_grid.csv
02_open_unusual_days,1,US500_0945_60_F6_OD_dn,F6,US500,1m,IS,2023-01-01,2025-06-30,2026-10-06,is-null,research/edge/studies/02_open_unusual_days/results/step1_grid.csv
02_open_unusual_days,1,US500_0945_60_F6_OD_dn,F6,US500,1m,OOS,2025-07-01,2026-09-30,2026-10-06,killed,research/edge/studies/02_open_unusual_days/results/step1_grid.csv
02_open_unusual_days,1,US500_1005_15_F6_OD_dn,F6,US500,1m,IS,2023-01-01,2025-06-30,2026-10-06,is-null,research/edge/studies/02_open_unusual_days/results/step1_grid.csv
02_open_unusual_days,1,US500_1005_15_F6_OD_dn,F6,US500,1m,OOS,2025-07-01,2026-09-30,2026-10-06,killed,research/edge/studies/02_open_unusual_days/results/step1_grid.csv
02_open_unusual_days,1,US500_1005_30_F6_OD_dn,F6,US500,1m,IS,2023-01-01,2025-06-30,2026-10-06,is-null,research/edge/studies/02_open_unusual_days/results/step1_grid.csv
02_open_unusual_days,1,US500_1005_30_F6_OD_dn,F6,US500,1m,OOS,2025-07-01,2026-09-30,2026-10-06,killed,research/edge/studies/02_open_unusual_days/results/step1_grid.csv
02_open_unusual_days,1,US500_1005_60_F6_OD_dn,F6,US500,1m,IS,2023-01-01,2025-06-30,2026-10-06,is-null,research/edge/studies/02_open_unusual_days/results/step1_grid.csv
02_open_unusual_days,1,US500_1005_60_F6_OD_dn,F6,US500,1m,OOS,2025-07-01,2026-09-30,2026-10-06,killed,research/edge/studies/02_open_unusual_days/results/step1_grid.csv
02_open_unusual_days,1,US500_0945_15_F6_OD_up,F6,US500,1m,IS,2023-01-01,2025-06-30,2026-10-06,is-null,research/edge/studies/02_open_unusual_days/results/step1_grid.csv
02_open_unusual_days,1,US500_0945_15_F6_OD_up,F6,US500,1m,OOS,2025-07-01,2026-09-30,2026-10-06,killed,research/edge/studies/02_open_unusual_days/results/step1_grid.csv
02_open_unusual_days,1,US500_0945_30_F6_OD_up,F6,US500,1m,IS,2023-01-01,2025-06-30,2026-10-06,is-null,research/edge/studies/02_open_unusual_days/results/step1_grid.csv
02_open_unusual_days,1,US500_0945_30_F6_OD_up,F6,US500,1m,OOS,2025-07-01,2026-09-30,2026-10-06,killed,research/edge/studies/02_open_unusual_days/results/step1_grid.csv
02_open_unusual_days,1,US500_0945_60_F6_OD_up,F6,US500,1m,IS,2023-01-01,2025-06-30,2026-10-06,is-null,research/edge/studies/02_open_unusual_days/results/step1_grid.csv
02_open_unusual_days,1,US500_0945_60_F6_OD_up,F6,US500,1m,OOS,2025-07-01,2026-09-30,2026-10-06,killed,research/edge/studies/02_open_unusual_days/results/step1_grid.csv
02_open_unusual_days,1,US500_1005_15_F6_OD_up,F6,US500,1m,IS,2023-01-01,2025-06-30,2026-10-06,is-null,research/edge/studies/02_open_unusual_days/results/step1_grid.csv
02_open_unusual_days,1,US500_1005_15_F6_OD_up,F6,US500,1m,OOS,2025-07-01,2026-09-30,2026-10-06,killed,research/edge/studies/02_open_unusual_days/results/step1_grid.csv
02_open_unusual_days,1,US500_1005_30_F6_OD_up,F6,US500,1m,IS,2023-01-01,2025-06-30,2026-10-06,is-null,research/edge/studies/02_open_unusual_days/results/step1_grid.csv
02_open_unusual_days,1,US500_1005_30_F6_OD_up,F6,US500,1m,OOS,2025-07-01,2026-09-30,2026-10-06,killed,research/edge/studies/02_open_unusual_days/results/step1_grid.csv
02_open_unusual_days,1,US500_1005_60_F6_OD_up,F6,US500,1m,IS,2023-01-01,2025-06-30,2026-10-06,is-null,research/edge/studies/02_open_unusual_days/results/step1_grid.csv
02_open_unusual_days,1,US500_1005_60_F6_OD_up,F6,US500,1m,OOS,2025-07-01,2026-09-30,2026-10-06,killed,research/edge/studies/02_open_unusual_days/results/step1_grid.csv
02_open_unusual_days,1,US500_0945_15_F6_ORR_dn,F6,US500,1m,IS,2023-01-01,2025-06-30,2026-10-06,is-null,research/edge/studies/02_open_unusual_days/results/step1_grid.csv
02_open_unusual_days,1,US500_0945_15_F6_ORR_dn,F6,US500,1m,OOS,2025-07-01,2026-09-30,2026-10-06,killed,research/edge/studies/02_open_unusual_days/results/step1_grid.csv
02_open_unusual_days,1,US500_0945_30_F6_ORR_dn,F6,US500,1m,IS,2023-01-01,2025-06-30,2026-10-06,is-null,research/edge/studies/02_open_unusual_days/results/step1_grid.csv
02_open_unusual_days,1,US500_0945_30_F6_ORR_dn,F6,US500,1m,OOS,2025-07-01,2026-09-30,2026-10-06,killed,research/edge/studies/02_open_unusual_days/results/step1_grid.csv
02_open_unusual_days,1,US500_0945_60_F6_ORR_dn,F6,US500,1m,IS,2023-01-01,2025-06-30,2026-10-06,is-null,research/edge/studies/02_open_unusual_days/results/step1_grid.csv
02_open_unusual_days,1,US500_0945_60_F6_ORR_dn,F6,US500,1m,OOS,2025-07-01,2026-09-30,2026-10-06,killed,research/edge/studies/02_open_unusual_days/results/step1_grid.csv
02_open_unusual_days,1,US500_1005_15_F6_ORR_dn,F6,US500,1m,IS,2023-01-01,2025-06-30,2026-10-06,is-null,research/edge/studies/02_open_unusual_days/results/step1_grid.csv
02_open_unusual_days,1,US500_1005_15_F6_ORR_dn,F6,US500,1m,OOS,2025-07-01,2026-09-30,2026-10-06,killed,research/edge/studies/02_open_unusual_days/results/step1_grid.csv
02_open_unusual_days,1,US500_1005_30_F6_ORR_dn,F6,US500,1m,IS,2023-01-01,2025-06-30,2026-10-06,is-null,research/edge/studies/02_open_unusual_days/results/step1_grid.csv
02_open_unusual_days,1,US500_1005_30_F6_ORR_dn,F6,US500,1m,OOS,2025-07-01,2026-09-30,2026-10-06,killed,research/edge/studies/02_open_unusual_days/results/step1_grid.csv
02_open_unusual_days,1,US500_1005_60_F6_ORR_dn,F6,US500,1m,IS,2023-01-01,2025-06-30,2026-10-06,is-null,research/edge/studies/02_open_unusual_days/results/step1_grid.csv
02_open_unusual_days,1,US500_1005_60_F6_ORR_dn,F6,US500,1m,OOS,2025-07-01,2026-09-30,2026-10-06,killed,research/edge/studies/02_open_unusual_days/results/step1_grid.csv
02_open_unusual_days,1,US500_0945_15_F6_ORR_up,F6,US500,1m,IS,2023-01-01,2025-06-30,2026-10-06,is-null,research/edge/studies/02_open_unusual_days/results/step1_grid.csv
02_open_unusual_days,1,US500_0945_15_F6_ORR_up,F6,US500,1m,OOS,2025-07-01,2026-09-30,2026-10-06,killed,research/edge/studies/02_open_unusual_days/results/step1_grid.csv
02_open_unusual_days,1,US500_0945_30_F6_ORR_up,F6,US500,1m,IS,2023-01-01,2025-06-30,2026-10-06,is-null,research/edge/studies/02_open_unusual_days/results/step1_grid.csv
02_open_unusual_days,1,US500_0945_30_F6_ORR_up,F6,US500,1m,OOS,2025-07-01,2026-09-30,2026-10-06,killed,research/edge/studies/02_open_unusual_days/results/step1_grid.csv
02_open_unusual_days,1,US500_0945_60_F6_ORR_up,F6,US500,1m,IS,2023-01-01,2025-06-30,2026-10-06,is-null,research/edge/studies/02_open_unusual_days/results/step1_grid.csv
02_open_unusual_days,1,US500_0945_60_F6_ORR_up,F6,US500,1m,OOS,2025-07-01,2026-09-30,2026-10-06,killed,research/edge/studies/02_open_unusual_days/results/step1_grid.csv
02_open_unusual_days,1,US500_1005_15_F6_ORR_up,F6,US500,1m,IS,2023-01-01,2025-06-30,2026-10-06,is-null,research/edge/studies/02_open_unusual_days/results/step1_grid.csv
02_open_unusual_days,1,US500_1005_15_F6_ORR_up,F6,US500,1m,OOS,2025-07-01,2026-09-30,2026-10-06,killed,research/edge/studies/02_open_unusual_days/results/step1_grid.csv
02_open_unusual_days,1,US500_1005_30_F6_ORR_up,F6,US500,1m,IS,2023-01-01,2025-06-30,2026-10-06,is-null,research/edge/studies/02_open_unusual_days/results/step1_grid.csv
02_open_unusual_days,1,US500_1005_30_F6_ORR_up,F6,US500,1m,OOS,2025-07-01,2026-09-30,2026-10-06,killed,research/edge/studies/02_open_unusual_days/results/step1_grid.csv
02_open_unusual_days,1,US500_1005_60_F6_ORR_up,F6,US500,1m,IS,2023-01-01,2025-06-30,2026-10-06,is-null,research/edge/studies/02_open_unusual_days/results/step1_grid.csv
02_open_unusual_days,1,US500_1005_60_F6_ORR_up,F6,US500,1m,OOS,2025-07-01,2026-09-30,2026-10-06,killed,research/edge/studies/02_open_unusual_days/results/step1_grid.csv
02_open_unusual_days,1,US500_0945_15_F6_OTD_dn,F6,US500,1m,IS,2023-01-01,2025-06-30,2026-10-06,is-sig,research/edge/studies/02_open_unusual_days/results/step1_grid.csv
02_open_unusual_days,1,US500_0945_15_F6_OTD_dn,F6,US500,1m,OOS,2025-07-01,2026-09-30,2026-10-06,killed,research/edge/studies/02_open_unusual_days/results/step1_grid.csv
02_open_unusual_days,1,US500_0945_30_F6_OTD_dn,F6,US500,1m,IS,2023-01-01,2025-06-30,2026-10-06,is-sig,research/edge/studies/02_open_unusual_days/results/step1_grid.csv
02_open_unusual_days,1,US500_0945_30_F6_OTD_dn,F6,US500,1m,OOS,2025-07-01,2026-09-30,2026-10-06,killed,research/edge/studies/02_open_unusual_days/results/step1_grid.csv
02_open_unusual_days,1,US500_0945_60_F6_OTD_dn,F6,US500,1m,IS,2023-01-01,2025-06-30,2026-10-06,is-sig,research/edge/studies/02_open_unusual_days/results/step1_grid.csv
02_open_unusual_days,1,US500_0945_60_F6_OTD_dn,F6,US500,1m,OOS,2025-07-01,2026-09-30,2026-10-06,killed,research/edge/studies/02_open_unusual_days/results/step1_grid.csv
02_open_unusual_days,1,US500_1005_15_F6_OTD_dn,F6,US500,1m,IS,2023-01-01,2025-06-30,2026-10-06,is-null,research/edge/studies/02_open_unusual_days/results/step1_grid.csv
02_open_unusual_days,1,US500_1005_15_F6_OTD_dn,F6,US500,1m,OOS,2025-07-01,2026-09-30,2026-10-06,killed,research/edge/studies/02_open_unusual_days/results/step1_grid.csv
02_open_unusual_days,1,US500_1005_30_F6_OTD_dn,F6,US500,1m,IS,2023-01-01,2025-06-30,2026-10-06,is-null,research/edge/studies/02_open_unusual_days/results/step1_grid.csv
02_open_unusual_days,1,US500_1005_30_F6_OTD_dn,F6,US500,1m,OOS,2025-07-01,2026-09-30,2026-10-06,killed,research/edge/studies/02_open_unusual_days/results/step1_grid.csv
02_open_unusual_days,1,US500_1005_60_F6_OTD_dn,F6,US500,1m,IS,2023-01-01,2025-06-30,2026-10-06,is-null,research/edge/studies/02_open_unusual_days/results/step1_grid.csv
02_open_unusual_days,1,US500_1005_60_F6_OTD_dn,F6,US500,1m,OOS,2025-07-01,2026-09-30,2026-10-06,killed,research/edge/studies/02_open_unusual_days/results/step1_grid.csv
02_open_unusual_days,1,US500_0945_15_F6_OTD_up,F6,US500,1m,IS,2023-01-01,2025-06-30,2026-10-06,is-null,research/edge/studies/02_open_unusual_days/results/step1_grid.csv
02_open_unusual_days,1,US500_0945_15_F6_OTD_up,F6,US500,1m,OOS,2025-07-01,2026-09-30,2026-10-06,killed,research/edge/studies/02_open_unusual_days/results/step1_grid.csv
02_open_unusual_days,1,US500_0945_30_F6_OTD_up,F6,US500,1m,IS,2023-01-01,2025-06-30,2026-10-06,is-null,research/edge/studies/02_open_unusual_days/results/step1_grid.csv
02_open_unusual_days,1,US500_0945_30_F6_OTD_up,F6,US500,1m,OOS,2025-07-01,2026-09-30,2026-10-06,killed,research/edge/studies/02_open_unusual_days/results/step1_grid.csv
02_open_unusual_days,1,US500_0945_60_F6_OTD_up,F6,US500,1m,IS,2023-01-01,2025-06-30,2026-10-06,is-null,research/edge/studies/02_open_unusual_days/results/step1_grid.csv
02_open_unusual_days,1,US500_0945_60_F6_OTD_up,F6,US500,1m,OOS,2025-07-01,2026-09-30,2026-10-06,killed,research/edge/studies/02_open_unusual_days/results/step1_grid.csv
02_open_unusual_days,1,US500_1005_15_F6_OTD_up,F6,US500,1m,IS,2023-01-01,2025-06-30,2026-10-06,is-null,research/edge/studies/02_open_unusual_days/results/step1_grid.csv
02_open_unusual_days,1,US500_1005_15_F6_OTD_up,F6,US500,1m,OOS,2025-07-01,2026-09-30,2026-10-06,killed,research/edge/studies/02_open_unusual_days/results/step1_grid.csv
02_open_unusual_days,1,US500_1005_30_F6_OTD_up,F6,US500,1m,IS,2023-01-01,2025-06-30,2026-10-06,is-sig,research/edge/studies/02_open_unusual_days/results/step1_grid.csv
02_open_unusual_days,1,US500_1005_30_F6_OTD_up,F6,US500,1m,OOS,2025-07-01,2026-09-30,2026-10-06,killed,research/edge/studies/02_open_unusual_days/results/step1_grid.csv
02_open_unusual_days,1,US500_1005_60_F6_OTD_up,F6,US500,1m,IS,2023-01-01,2025-06-30,2026-10-06,is-sig,research/edge/studies/02_open_unusual_days/results/step1_grid.csv
02_open_unusual_days,1,US500_1005_60_F6_OTD_up,F6,US500,1m,OOS,2025-07-01,2026-09-30,2026-10-06,killed,research/edge/studies/02_open_unusual_days/results/step1_grid.csv
02_open_unusual_days,1,US500_0945_15_F6_unclassified,F6,US500,1m,IS,2023-01-01,2025-06-30,2026-10-06,is-null,research/edge/studies/02_open_unusual_days/results/step1_grid.csv
02_open_unusual_days,1,US500_0945_15_F6_unclassified,F6,US500,1m,OOS,2025-07-01,2026-09-30,2026-10-06,killed,research/edge/studies/02_open_unusual_days/results/step1_grid.csv
02_open_unusual_days,1,US500_0945_30_F6_unclassified,F6,US500,1m,IS,2023-01-01,2025-06-30,2026-10-06,is-null,research/edge/studies/02_open_unusual_days/results/step1_grid.csv
02_open_unusual_days,1,US500_0945_30_F6_unclassified,F6,US500,1m,OOS,2025-07-01,2026-09-30,2026-10-06,killed,research/edge/studies/02_open_unusual_days/results/step1_grid.csv
02_open_unusual_days,1,US500_0945_60_F6_unclassified,F6,US500,1m,IS,2023-01-01,2025-06-30,2026-10-06,is-null,research/edge/studies/02_open_unusual_days/results/step1_grid.csv
02_open_unusual_days,1,US500_0945_60_F6_unclassified,F6,US500,1m,OOS,2025-07-01,2026-09-30,2026-10-06,killed,research/edge/studies/02_open_unusual_days/results/step1_grid.csv
02_open_unusual_days,1,US500_1005_15_F6_unclassified,F6,US500,1m,IS,2023-01-01,2025-06-30,2026-10-06,is-null,research/edge/studies/02_open_unusual_days/results/step1_grid.csv
02_open_unusual_days,1,US500_1005_15_F6_unclassified,F6,US500,1m,OOS,2025-07-01,2026-09-30,2026-10-06,killed,research/edge/studies/02_open_unusual_days/results/step1_grid.csv
02_open_unusual_days,1,US500_1005_30_F6_unclassified,F6,US500,1m,IS,2023-01-01,2025-06-30,2026-10-06,is-null,research/edge/studies/02_open_unusual_days/results/step1_grid.csv
02_open_unusual_days,1,US500_1005_30_F6_unclassified,F6,US500,1m,OOS,2025-07-01,2026-09-30,2026-10-06,killed,research/edge/studies/02_open_unusual_days/results/step1_grid.csv
02_open_unusual_days,1,US500_1005_60_F6_unclassified,F6,US500,1m,IS,2023-01-01,2025-06-30,2026-10-06,is-null,research/edge/studies/02_open_unusual_days/results/step1_grid.csv
02_open_unusual_days,1,US500_1005_60_F6_unclassified,F6,US500,1m,OOS,2025-07-01,2026-09-30,2026-10-06,killed,research/edge/studies/02_open_unusual_days/results/step1_grid.csv
02_open_unusual_days,1,F7_NAS100_from_above_hit_1130,F7-80pct-rule,NAS100,1m,IS,2023-01-01,2025-06-30,2026-10-06,survives-IS,research/edge/studies/02_open_unusual_days/results/step1_f7.csv
02_open_unusual_days,1,F7_NAS100_from_above_hit_1130,F7-80pct-rule,NAS100,1m,OOS,2025-07-01,2026-09-30,2026-10-06,survives,research/edge/studies/02_open_unusual_days/results/step1_f7.csv
02_open_unusual_days,1,F7_NAS100_from_above_hit_1600,F7-80pct-rule,NAS100,1m,IS,2023-01-01,2025-06-30,2026-10-06,survives-IS,research/edge/studies/02_open_unusual_days/results/step1_f7.csv
02_open_unusual_days,1,F7_NAS100_from_above_hit_1600,F7-80pct-rule,NAS100,1m,OOS,2025-07-01,2026-09-30,2026-10-06,survives,research/edge/studies/02_open_unusual_days/results/step1_f7.csv
02_open_unusual_days,1,F7_NAS100_from_below_hit_1130,F7-80pct-rule,NAS100,1m,IS,2023-01-01,2025-06-30,2026-10-06,killed-IS,research/edge/studies/02_open_unusual_days/results/step1_f7.csv
02_open_unusual_days,1,F7_NAS100_from_below_hit_1130,F7-80pct-rule,NAS100,1m,OOS,2025-07-01,2026-09-30,2026-10-06,killed,research/edge/studies/02_open_unusual_days/results/step1_f7.csv
02_open_unusual_days,1,F7_NAS100_from_below_hit_1600,F7-80pct-rule,NAS100,1m,IS,2023-01-01,2025-06-30,2026-10-06,killed-IS,research/edge/studies/02_open_unusual_days/results/step1_f7.csv
02_open_unusual_days,1,F7_NAS100_from_below_hit_1600,F7-80pct-rule,NAS100,1m,OOS,2025-07-01,2026-09-30,2026-10-06,killed,research/edge/studies/02_open_unusual_days/results/step1_f7.csv
02_open_unusual_days,1,F7_US500_from_above_hit_1130,F7-80pct-rule,US500,1m,IS,2023-01-01,2025-06-30,2026-10-06,survives-IS,research/edge/studies/02_open_unusual_days/results/step1_f7.csv
02_open_unusual_days,1,F7_US500_from_above_hit_1130,F7-80pct-rule,US500,1m,OOS,2025-07-01,2026-09-30,2026-10-06,survives,research/edge/studies/02_open_unusual_days/results/step1_f7.csv
02_open_unusual_days,1,F7_US500_from_above_hit_1600,F7-80pct-rule,US500,1m,IS,2023-01-01,2025-06-30,2026-10-06,survives-IS,research/edge/studies/02_open_unusual_days/results/step1_f7.csv
02_open_unusual_days,1,F7_US500_from_above_hit_1600,F7-80pct-rule,US500,1m,OOS,2025-07-01,2026-09-30,2026-10-06,survives,research/edge/studies/02_open_unusual_days/results/step1_f7.csv
02_open_unusual_days,1,F7_US500_from_below_hit_1130,F7-80pct-rule,US500,1m,IS,2023-01-01,2025-06-30,2026-10-06,killed-IS,research/edge/studies/02_open_unusual_days/results/step1_f7.csv
02_open_unusual_days,1,F7_US500_from_below_hit_1130,F7-80pct-rule,US500,1m,OOS,2025-07-01,2026-09-30,2026-10-06,killed,research/edge/studies/02_open_unusual_days/results/step1_f7.csv
02_open_unusual_days,1,F7_US500_from_below_hit_1600,F7-80pct-rule,US500,1m,IS,2023-01-01,2025-06-30,2026-10-06,killed-IS,research/edge/studies/02_open_unusual_days/results/step1_f7.csv
02_open_unusual_days,1,F7_US500_from_below_hit_1600,F7-80pct-rule,US500,1m,OOS,2025-07-01,2026-09-30,2026-10-06,killed,research/edge/studies/02_open_unusual_days/results/step1_f7.csv
